10,231956,8,11.8,3,22,3.666666667,106,8,2.5,1,-3,0,2.888888889,1,7
10,234733,8,11.7,5,42,2.6,105,6,2.5,1,-3,-0.1,1.888888889,1,12
10,232719,7,11.8,4,24,5.142857143,106,4.5,2.5,1,-4,0,2.888888889,0,16
10,157269,9,11.11,2,98,5.857142857,109,11,2.5,1,-2,-0.69,5.888888889,0,0
10,224921,8,11.2,7,31,5.4,100,11,2.5,1,-3,-0.6,-3.111111111,0,10
10,196449,10,11.3,6,42,3,101,23,2.5,1,-1,-0.5,-2.111111111,0,8
11,215454,8,11.12,3,398,2.333333333,99,3.75,2.5,1,-1,-0.88,6.818181818,1,10
11,222454,8,12,1,51,3.25,101,3.75,2.5,1,-1,0,8.818181818,1,7
11,209179,7,10.7,11,24,2.2,80,19,2.5,1,-2,-1.3,-12.18181818,0,14
11,208391,9,11.1,7,81,3.4,88,17,2.5,1,0,-0.9,-4.181818182,0,3
11,234855,6,11.1,4,21,5.571428571,97,29,2.5,1,-3,-0.9,4.818181818,0,8
11,217102,9,11.5,6,24,2.333333333,92,8,2.5,1,0,-0.5,-0.1818181818,0,11
11,197645,9,12,2,13,5.375,101,23,2.5,1,0,0,8.818181818,0,4
6,209910,10,10.2,6,23,5.25,111,7,2,1,0,-1.5,-14.5,1,10
6,215683,8,11.7,3,86,3.142857143,130,5.5,2,1,-2,0,4.5,1,4
6,223152,8,11.12,1,23,2.857142857,135,13,2,1,-2,-0.58,9.5,0,7
6,205817,10,11.1,2,37,4.666666667,133,41,2,1,0,-0.6,7.5,0,1
13,238430,6,11.12,2,91,3.375,115,2.87,3,1,-6,-0.68,7.25,1,12
13,241204,7,11.1,9,42,3.4,104,6.5,3,1,-5,-0.7,-3.75,1,16
13,247671,7,11.8,5,13,3.857142857,111,17,3,1,-5,0,3.25,0,4
13,170088,11,11.11,4,42,4.428571429,114,17,3,1,-1,-0.69,6.25,0,5
13,226150,7,11.5,6,24,4,108,9.5,3,1,-5,-0.3,0.25,0,8
13,249618,6,11.13,1,42,1.5,116,9.5,3,1,-6,-0.67,8.25,0,10
13,128743,11,11.11,3,24,3.25,114,13,3,1,-1,-0.69,6.25,0,12
13,194643,11,11.4,7,142,5.125,107,41,3,1,-1,-0.4,-0.75,0,0
13,248277,6,10.8,12,22,5.4,97,51,3,1,-6,-1,-10.75,0,7
5,233793,8,10.6,2,62,3.375,119,2.5,2.5,1,-1,-1.2,-2.75,1,12
5,196573,9,10.2,4,13,3.25,115,6,2.5,1,0,-1.6,-6.75,1,4
5,215115,9,11.8,1,840,2,135,3.75,2.5,1,0,0,13.25,0,16
5,233142,7,10.5,3,37,4.125,118,4.5,2.5,1,-2,-1.3,-3.75,0,12
14,231486,7,11.11,4,65,4.142857143,103,7,3,1,-5,-0.99,8.642857143,1,10
14,182219,11,10.12,9,70,4.2,90,26,3,1,-1,-1.98,-4.357142857,1,12
14,175622,10,10.1,11,21,4.166666667,88,34,3,1,-2,-2,-6.357142857,0,0
14,231954,8,11.8,6,10,3.714285714,100,7.5,3,1,-4,-0.3,5.642857143,0,16
14,233284,7,12.1,1,22,2.428571429,107,3.25,3,1,-5,0,12.64285714,0,5
14,227747,10,11.2,8,25,4.142857143,94,26,3,1,-2,-0.9,-0.3571428571,0,3
14,177324,10,11.12,3,24,4.571428571,104,29,3,1,-2,-0.98,9.642857143,0,9
14,147754,12,10.12,10,13,5.666666667,90,10,3,1,0,-1.98,-4.357142857,0,8
14,217048,10,11.12,2,26,3.75,104,6.5,3,1,-2,-0.98,9.642857143,0,10
15,179160,9,10.8,14,76,5.75,86,4.33,2.5,2,-1,-1.1,-10.07692308,1,8
15,234958,6,10.1,13,108,5.333333333,88,15,2.5,2,-4,-1.8,-8.076923077,1,13
15,241411,6,11.11,4,26,4,103,8.5,2.5,2,-4,-0.79,6.923076923,0,14
15,223866,8,11.12,2,21,3.428571429,104,5,2.5,2,-2,-0.78,7.923076923,0,22
15,241656,6,11.7,7,73,3.833333333,99,41,2.5,2,-4,-0.2,2.923076923,0,4
15,240436,6,11.12,3,28,3.375,104,7,2.5,2,-4,-0.78,7.923076923,0,4
15,223764,8,11.1,9,40,5.142857143,93,8,2.5,2,-2,-0.8,-3.076923077,0,9
15,231474,7,10.12,12,28,6.125,90,29,2.5,2,-3,-1.78,-6.076923077,0,9
15,241985,5,11.2,8,32,4,94,51,2.5,2,-5,-0.7,-2.076923077,0,7
15,241258,6,10.13,11,32,4.714285714,91,12,2.5,2,-4,-1.77,-5.076923077,0,12
15,70953,10,11.9,6,69,4.125,101,9,2.5,2,0,0,4.923076923,0,13
10,200785,12,10,10,77,3.142857143,89,13,3.125,2,0,-1.9,-14.71428571,1,7
10,170105,11,11.9,2,88,6.4,112,4.33,3.125,2,-1,0,8.285714286,1,15
10,215255,11,10.11,7,131,2.875,100,15,3.125,2,-1,-1.79,-3.714285714,0,12
10,232732,9,11.4,5,84,2.8,107,10,3.125,2,-3,-0.5,3.285714286,0,5
10,223887,9,11.7,3,97,3,110,2.5,3.125,2,-3,-0.2,6.285714286,0,17
10,214865,9,10.4,9,12,4.333333333,93,17,3.125,2,-3,-1.5,-10.71428571,0,3
10,222846,8,11.12,1,39,2,115,5.5,3.125,2,-4,-0.78,11.28571429,0,10
8,222024,6,11.5,5,25,2,116,1.61,1.875,2,-2,-0.3,-0.6,1,8
8,233651,7,11.5,4,42,4,116,7.5,1.875,2,-1,-0.3,-0.6,1,6
8,228965,5,11.8,3,56,3.75,119,23,1.875,2,-3,0,2.4,0,3
8,221928,8,11.1,1,14,4,121,4.33,1.875,2,0,-0.7,4.4,0,22
8,221103,6,11,8,64,3.142857143,111,12,1.875,2,-2,-0.8,-5.6,0,16
7,222492,8,11.2,6,42,3.5,115,4.5,2,2,-1,-0.4,-1.6,1,4
7,233207,6,11.6,3,75,3,119,3.75,2,2,-3,0,2.4,1,16
7,225291,7,11.4,5,25,2.75,117,2.5,2,2,-2,-0.2,0.4,0,10
7,225730,7,11.6,2,47,2.75,119,11,2,2,-2,0,2.4,0,4
15,226680,8,11.3,9,59,1.875,90,2.62,3,2,-5,-0.5,-0.3846153846,1,22
15,232734,7,11.6,7,32,3.375,93,3.75,3,2,-6,-0.2,2.615384615,1,12
15,240430,6,11.7,4,47,4.166666667,94,4,3,2,-7,-0.1,3.615384615,0,13
15,51586,13,10.1,13,1075,0,83,67,3,2,0,-1.7,-7.384615385,0,4
15,157209,9,11.1,2,37,5,97,23,3,2,-4,-0.7,6.615384615,0,6
15,117706,12,10.11,11,11,0,84,101,3,2,-1,-1.69,-6.384615385,0,6
15,215535,8,10.6,14,32,5.166666667,79,51,3,2,-5,-1.2,-11.38461538,0,4
15,227466,7,11.8,3,25,4.285714286,95,9.5,3,2,-6,0,4.615384615,0,17
15,242054,6,11.7,5,32,2.666666667,94,81,3,2,-7,-0.1,3.615384615,0,0
15,231910,8,11.6,6,690,6.25,93,41,3,2,-5,-0.2,2.615384615,0,12
16,232730,8,10.9,8,43,2.25,123,5.5,3,3,-4,-1,-2.4375,1,0
16,229703,7,10.5,15,65,4.5,119,17,3,3,-5,-1.4,-6.4375,1,0
16,231111,8,10.7,12,31,4.25,121,3.75,3,3,-4,-1.2,-4.4375,0,25
16,194214,8,10.6,13,60,5,120,8,3,3,-4,-1.3,-5.4375,0,0
16,240667,6,10.7,11,62,2.166666667,121,11,3,3,-6,-1.2,-4.4375,0,0
16,220875,6,11.2,4,142,2.25,130,12,3,3,-6,-0.7,4.5625,0,13
16,235706,7,10.9,10,44,5.25,123,11,3,3,-5,-1,-2.4375,0,0
16,227597,8,11.9,2,129,2.571428571,137,21,3,3,-4,0,11.5625,0,0
16,240178,6,11.3,3,31,2.857142857,131,21,3,3,-6,-0.6,5.5625,0,0
16,200129,10,11.2,5,80,3.833333333,130,41,3,3,-2,-0.7,4.5625,0,100
16,212969,7,10.4,16,44,3.571428571,118,17,3,3,-5,-1.5,-7.4375,0,0
16,235842,6,10.9,9,71,2.428571429,123,41,3,3,-6,-1,-2.4375,0,0
16,224170,7,10.13,7,63,3.25,127,12,3,3,-5,-1.77,1.5625,0,100
16,250329,6,10.5,14,41,3.25,119,34,3,3,-6,-1.4,-6.4375,0,0
16,164373,12,10.13,6,63,2.75,127,51,3,3,0,-1.77,1.5625,0,0
16,231889,8,11.1,1,60,3.833333333,138,29,3,3,-4,-0.8,12.5625,0,0
19,226864,9,11.9,7,25,5,90,8.5,2.5,3,-1,-0.1,1.533333333,1,0
19,235806,6,10.13,15,196,6.571428571,80,13,2.5,3,-4,-1.87,-8.466666667,1,25
19,205172,10,11.5,10,73,3.714285714,86,26,2.5,3,0,-0.5,-2.466666667,0,0
19,249569,6,11.11,4,83,2.5,92,7,2.5,3,-4,-0.89,3.533333333,0,0
19,250361,6,11.13,2,61,0.75,94,6.5,2.5,3,-4,-0.87,5.533333333,0,0
19,250692,6,11.8,8,21,2,89,13,2.5,3,-4,-0.2,0.5333333333,0,0
19,235550,6,11.12,3,31,3.625,93,8,2.5,3,-4,-0.88,4.533333333,0,0
19,226498,8,11.3,13,417,3.125,84,34,2.5,3,-2,-0.7,-4.466666667,0,0
19,246955,4,10.6,16,42,3,86,19,2.5,3,-6,-1.4,-2.466666667,0,0
19,232773,7,11.2,14,665,2.333333333,83,41,2.5,3,-3,-0.8,-5.466666667,0,0
19,243072,7,11.5,9,14,4,86,8.5,2.5,3,-3,-0.5,-2.466666667,0,0
19,249128,7,11.9,6,77,2.2,90,51,2.5,3,-3,-0.1,1.533333333,0,0
19,243171,5,11.11,5,48,3.6,93,7.5,2.5,3,-5,-0.89,4.533333333,0,0
19,250326,6,12,1,62,6,95,9.5,2.5,3,-4,0,6.533333333,0,0
8,151182,10,11.7,5,24,4.875,115,4.5,3.125,4,-2,-0.2,-0.1428571429,1,12
8,203148,9,11.8,4,14,2.5,116,3.25,3.125,4,-3,-0.1,0.8571428571,1,9
8,214356,9,11.5,6,86,4.8,113,7.5,3.125,4,-3,-0.4,-2.142857143,0,12
8,173216,12,11.9,2,14,3.2,117,21,3.125,4,0,0,1.857142857,0,5
9,240288,6,11.8,6,10,2,99,6.5,3.125,4,-3,0,1.444444444,1,9
9,236217,6,11.8,5,25,2.875,99,3.5,3.125,4,-3,0,1.444444444,1,0
9,231539,9,12.17,1,8,4.333333333,106,3,3.125,4,0,#VALUE!,8.444444444,0,9
9,214949,9,11.5,7,95,3.625,96,15,3.125,4,0,-0.3,-1.555555556,0,3
9,207993,7,10.1,8,13,4.833333333,87,7.5,3.125,4,-2,-1.7,-10.55555556,0,13
9,236362,7,11.11,4,64,4.375,102,17,3.125,4,-2,-0.69,4.444444444,0,5
6,221961,8,11,6,14,2,105,4.33,1.875,4,-4,-1.3,-6,1,10
6,231350,7,11.27,4,7,3.142857143,107,1.9,1.875,4,-5,#VALUE!,-4,1,10
6,223037,8,11.5,3,22,4,110,51,1.875,4,-4,-0.8,-1,0,0
6,215281,8,12.3,1,24,4,122,13,1.875,4,-4,0,11,0,0
6,146555,12,11.1,5,53,4.571428571,106,9,1.875,4,0,-1.2,-5,0,5
13,240397,5,11.11,2,143,3.25,102,2.5,1.375,4,-4,-0.59,11.58333333,1,13
13,236003,6,10.13,8,79,3.333333333,90,29,1.375,4,-3,-1.57,-0.4166666667,1,10
13,220953,6,10.6,9,58,3.857142857,83,8.5,1.375,4,-3,-1.1,-7.416666667,0,6
13,221957,9,10,12,131,4.5,77,51,1.375,4,0,-1.7,-13.41666667,0,5
13,242297,5,11,6,62,4.333333333,91,12,1.375,4,-4,-0.7,0.5833333333,0,0
13,240157,8,10,11,13,6,77,67,1.375,4,-1,-1.7,-13.41666667,0,0
13,217319,8,11,7,109,5.125,91,12,1.375,4,-1,-0.7,0.5833333333,0,4
13,221311,6,11.1,3,32,4.142857143,101,8.5,1.375,4,-3,-0.6,10.58333333,0,15
13,241963,6,10.3,10,25,6.428571429,80,11,1.375,4,-3,-1.4,-10.41666667,0,5
13,227794,5,11.7,4,72,3.875,98,9.5,1.375,4,-4,0,7.583333333,0,0
14,233598,6,11.2,8,34,1.625,115,9,2.5,3,-3,-0.5,1.857142857,1,0
14,249740,6,11.7,3,33,0.8333333333,120,3.5,2.5,3,-3,0,6.857142857,1,0
14,205733,9,11.11,1,32,2.333333333,124,12,2.5,3,0,-0.59,10.85714286,0,0
14,224819,7,11.11,2,45,2.75,124,29,2.5,3,-2,-0.59,10.85714286,0,0
14,223490,8,9.12,14,32,6,97,10,2.5,3,-1,-2.58,-16.14285714,0,0
14,251524,5,11.4,5,30,3,118,4.5,2.5,3,-4,-0.3,4.857142857,0,0
14,235811,6,11.2,7,59,3.285714286,115,10,2.5,3,-3,-0.5,1.857142857,0,0
14,214762,9,11,10,84,4.75,113,17,2.5,3,0,-0.7,-0.1428571429,0,0
14,235802,7,11.3,6,64,4,116,10,2.5,3,-2,-0.4,2.857142857,0,0
11,225280,7,11.1,7,22,4.333333333,107,3,2,3,-3,-0.7,-0.3636363636,1,0
11,224547,8,11.5,5,15,4.5,111,5,2,3,-2,-0.3,3.636363636,1,0
11,233589,7,11.7,3,17,4.5,113,7,2,3,-3,-0.1,5.636363636,0,0
11,214188,10,11.5,4,30,4.142857143,111,13,2,3,0,-0.3,3.636363636,0,0
11,217598,10,10.9,10,22,4.714285714,101,13,2,3,0,-0.9,-6.363636364,0,0
11,241288,6,11.12,1,33,4,118,7,2,3,-4,-0.68,10.63636364,0,25
11,222154,7,11.8,2,49,5.428571429,114,9,2,3,-3,0,6.636363636,0,0
11,181843,10,10.13,8,22,5.285714286,105,19,2,3,0,-1.67,-2.363636364,0,0
11,231446,7,9.13,11,26,4.6,91,67,2,3,-3,-2.67,-16.36363636,0,0
12,224732,7,11.8,4,14,3.714285714,96,4,2.75,4,-7,0,11.36363636,1,15
12,53080,14,10,12,40,5,74,51,2.75,4,0,-1.8,-10.63636364,1,13
12,225924,6,10.4,7,9,4.333333333,78,4.33,2.75,4,-8,-1.4,-6.636363636,0,11
12,231784,7,11.12,2,27,4.857142857,100,9,2.75,4,-7,-0.68,15.36363636,0,9
12,240102,6,10,11,40,5.5,74,29,2.75,4,-8,-1.8,-10.63636364,0,4
12,215753,9,10,10,26,5.428571429,74,21,2.75,4,-5,-1.8,-10.63636364,0,6
12,227831,10,10,9,40,4.75,74,17,2.75,4,-4,-1.8,-10.63636364,0,7
9,246240,6,11.8,4,15,3.285714286,115,8,1.875,4,-2,-0.2,5.777777778,1,4
9,230035,8,11.11,3,14,2.375,118,2.5,1.875,4,0,-0.89,8.777777778,1,15
9,222802,8,12,1,19,2.666666667,121,17,1.875,4,0,0,11.77777778,0,15
9,234893,8,11.3,5,100,5.4,110,6.5,1.875,4,0,-0.7,0.7777777778,0,9
9,248911,5,10.1,8,62,3.333333333,94,11,1.875,4,-3,-1.9,-15.22222222,0,4
9,223678,8,11.12,2,106,3.166666667,119,11,1.875,4,0,-0.88,9.777777778,0,7
9,224373,8,10,9,26,3,93,17,1.875,4,0,-2,-16.22222222,0,5
6,235193,8,10.13,5,82,3.428571429,107,7,2.5,4,-3,-1.77,-4.666666667,1,12
6,222561,8,10.13,4,42,4.4,107,13,2.5,4,-3,-1.77,-4.666666667,1,9
6,223782,8,11.9,2,25,4,117,4.5,2.5,4,-3,0,5.333333333,0,0
6,198196,11,11.8,3,31,4.142857143,116,11,2.5,4,0,-0.1,4.333333333,0,5
10,234368,8,11.6,5,40,4.857142857,99,9.5,2.5,4,-3,-0.3,0.6666666667,1,17
10,232395,9,11.2,6,13,4.142857143,95,3.75,2.5,4,-2,-0.7,-3.333333333,1,15
10,233940,7,11,8,19,4,93,6,2.5,4,-4,-0.9,-5.333333333,0,16
10,236008,7,11.8,4,26,4.857142857,101,7.5,2.5,4,-4,-0.1,2.666666667,0,4
10,222032,9,11.12,1,25,2.142857143,105,34,2.5,4,-2,-0.78,6.666666667,0,9
10,215576,11,11.9,3,98,3.25,102,15,2.5,4,0,0,3.666666667,0,5
8,227382,6,9.3,5,43,3.875,95,4.5,2,5,-3,-0.5,-0.375,1,10
8,221377,6,9.4,3,559,2.166666667,96,11,2,5,-3,-0.4,0.625,1,10
8,189910,8,9.4,4,15,4.625,96,4.5,2,5,-1,-0.4,0.625,0,15
8,215873,7,9.8,2,80,2.75,100,4.5,2,5,-2,0,4.625,0,11
8,227075,6,8.7,8,89,3.2,85,34,2,5,-3,-1.1,-10.375,0,8
8,160283,9,9.12,1,15,5,104,7.5,2,5,0,-0.68,8.625,0,14
8,217607,8,8.13,7,31,3.75,91,12,2,5,-1,-1.67,-4.375,0,7
8,239345,4,9.1,6,12,1.875,96,6.5,2,5,-5,-0.7,0.625,0,11
6,232042,5,9.3,5,19,2.75,77,4.5,1.5,5,-2,-0.4,-4.5,1,10
6,239055,5,9.12,2,38,2,86,2.62,1.5,5,-2,-0.58,4.5,1,14
6,245741,4,9.2,6,19,3.714285714,77,6,1.5,5,-3,-0.5,-4.5,0,17
6,240165,4,9.12,1,29,2,87,6,1.5,5,-3,-0.58,5.5,0,14
6,238515,4,9.7,3,41,4,82,51,1.5,5,-3,0,0.5,0,4
6,222726,7,9.6,4,111,3.625,80,7,1.5,5,0,-0.1,-1.5,0,11
6,233368,5,9.2,6,3,2.5,85,4.5,1.25,5,-1,-0.6,-3.166666667,1,3
6,226410,6,9.4,5,14,3.875,87,4.5,1.25,5,0,-0.4,-1.166666667,1,10
6,230236,5,9.5,4,36,1.75,88,6.5,1.25,5,-1,-0.3,-0.1666666667,0,0
6,229014,5,9.6,3,27,5.375,89,6,1.25,5,-1,-0.2,0.8333333333,0,10
6,228125,5,9.8,1,61,3.625,91,7.5,1.25,5,-1,0,2.833333333,0,10
6,236050,4,9.6,2,115,3.75,89,4.5,1.25,5,-2,-0.2,0.8333333333,0,12
8,235353,4,9.7,2,25,4,84,2.87,1,5,-3,0,3.75,1,6
8,227116,5,9.2,6,13,2.25,79,6,1,5,-2,-0.5,-1.25,1,0
8,237429,4,9.7,1,71,3.2,84,4.33,1,5,-3,0,3.75,0,16
8,241318,4,9.3,5,29,3.857142857,80,8.5,1,5,-3,-0.4,-0.25,0,4
8,228131,5,9.1,7,11,4.25,78,8.5,1,5,-2,-0.6,-2.25,0,10
8,219262,6,9.3,4,19,2.75,80,9.5,1,5,-1,-0.4,-0.25,0,10
8,238696,4,8.13,8,262,5,76,67,1,5,-3,-1.57,-4.25,0,5
8,216400,7,9.4,3,137,1.875,81,41,1,5,0,-0.3,0.75,0,7
8,250538,3,8.11,7,35,8.333333333,60,19,1,5,0,-1.39,-3.142857143,1,9
8,245231,3,8.12,6,24,3.75,61,9,1,5,0,-1.38,-2.142857143,1,0
8,246237,3,8.9,8,63,2.4,58,3.75,1,5,0,-0.6,-5.142857143,0,9
8,245817,3,9.3,4,6,4,66,3.25,1,5,0,-0.2,2.857142857,0,13
8,246475,3,9.4,3,33,4.25,67,13,1,5,0,-0.1,3.857142857,0,4
8,248555,3,8.13,5,38,3.5,62,4.5,1,5,0,-1.37,-1.142857143,0,7
8,250964,3,9.5,2,29,4.5,68,11,1,5,0,0,4.857142857,0,7
9,207960,7,9,7,25,3.875,77,17,0.875,5,0,-0.7,-2.111111111,1,9
9,239299,4,9.1,5,4,3.625,78,10,0.875,5,-3,-0.6,-1.111111111,1,7
9,238264,4,8.8,9,130,3,71,7,0.875,5,-3,-0.9,-8.111111111,0,10
9,235333,4,9.1,1,15,3.5,87,3.5,0.875,5,-3,-0.6,7.888888889,0,10
9,237629,4,9.2,4,47,4.75,79,12,0.875,5,-3,-0.5,-0.1111111111,0,14
9,239551,4,9.7,2,150,3,84,13,0.875,5,-3,0,4.888888889,0,13
9,227612,5,9.6,3,7,2.75,83,13,0.875,5,-2,-0.1,3.888888889,0,5
9,225021,5,8.12,8,14,3.5,75,3.75,0.875,5,-2,-1.58,-4.111111111,0,0
7,232154,5,9.1,2,16,3.875,99,6,1.125,5,-1,-0.6,4.571428571,1,0
7,218851,6,8.85,4,4,3.125,92,3.25,1.125,5,0,#VALUE!,-2.428571429,1,11
7,240218,4,8.5,7,154,2.666666667,89,4.33,1.125,5,-2,-1.2,-5.428571429,0,10
7,222225,6,8.6,5,16,2.625,90,8.5,1.125,5,0,-1.1,-4.428571429,0,8
7,221993,6,8.6,6,42,0,90,81,1.125,5,0,-1.1,-4.428571429,0,9
7,229018,5,9.7,1,16,2.5,105,5.5,1.125,5,-1,0,10.57142857,0,10
7,239996,4,8.12,3,109,2.625,96,9,1.125,5,-2,-1.58,1.571428571,0,14
8,211835,7,9.2,7,28,4.5,73,15,0.875,5,0,-0.5,-2.375,1,14
8,221836,7,9.3,6,33,3.125,74,15,0.875,5,0,-0.4,-1.375,1,10
8,205440,7,9.7,2,13,4.375,78,4.5,0.875,5,0,0,2.625,0,17
8,238640,4,9.4,4,18,4.875,75,5.5,0.875,5,-3,-0.3,-0.375,0,11
8,237640,4,9.6,3,144,2.5,77,17,0.875,5,-3,-0.1,1.625,0,13
8,225393,5,9.3,5,18,4.25,74,19,0.875,5,-2,-0.4,-1.375,0,9
8,238538,4,9.1,1,27,3.375,81,3.75,0.875,5,-3,-0.6,5.625,0,18
8,226727,5,9.05,8,7,3.5,71,4.2,0.875,5,-2,#VALUE!,-4.375,0,8
12,181980,8,9.3,8,13,5.875,61,9,0.75,5,-1,-0.4,-1,1,14
12,226853,5,9.7,2,72,2.25,65,4.33,0.75,5,-4,0,3,1,6
12,217824,6,8.13,12,41,3.625,57,17,0.75,5,-3,-1.57,-5,0,11
12,185723,8,9.3,7,14,3.375,61,6,0.75,5,-1,-0.4,-1,0,13
12,236836,4,9.105,1,4,2.125,68,2.75,0.75,5,-5,#VALUE!,6,0,8
12,157085,9,9.6,3,37,3.375,64,11,0.75,5,0,-0.1,2,0,11
12,232020,5,9.5,6,13,4.25,63,29,0.75,5,-4,-0.2,1,0,9
12,248747,4,9.6,4,25,2.333333333,64,81,0.75,5,-5,-0.1,2,0,10
12,229300,5,9.2,9,13,2.625,60,23,0.75,5,-4,-0.5,-2,0,0
12,204815,7,9.1,10,167,3.625,59,51,0.75,5,-2,-0.6,-3,0,8
12,209599,9,9.6,5,12,3.25,64,15,0.75,5,0,-0.1,2,0,10
12,181809,8,9,11,13,4.875,58,41,0.75,5,-1,-0.7,-4,0,3
14,230862,6,9.3,12,12,3,58,12,1.375,5,-1,-0.6,-4.769230769,1,11
14,230011,7,9.8,7,32,3.625,63,17,1.375,5,0,-0.1,0.2307692308,1,10
14,228303,5,9.1,4,7,4.125,65,7.5,1.375,5,-2,-0.8,2.230769231,0,8
14,239374,4,9.6,9,25,3.25,62,3.5,1.375,5,-3,-0.3,-0.7692307692,0,14
14,233941,5,9.12,2,25,4.125,67,41,1.375,5,-2,-0.78,4.230769231,0,17
14,230693,5,9.3,11,9,5.5,58,6,1.375,5,-2,-0.6,-4.769230769,0,16
14,235136,5,9.4,10,50,4.857142857,59,26,1.375,5,-2,-0.5,-3.769230769,0,11
14,237864,5,9.1,5,22,3.875,65,8,1.375,5,-2,-0.8,2.230769231,0,0
14,244494,4,9.7,8,17,3.75,63,7.5,1.375,5,-3,-0.2,0.2307692308,0,10
14,236036,5,9.2,13,96,5.25,57,19,1.375,5,-2,-0.7,-5.769230769,0,8
14,238365,4,9.9,6,18,5.333333333,65,21,1.375,5,-3,0,2.230769231,0,18
14,238290,5,9.12,1,18,5.666666667,67,41,1.375,5,-2,-0.78,4.230769231,0,13
14,211074,7,9.12,3,33,1.75,67,29,1.375,5,0,-0.78,4.230769231,0,12
14,240521,4,9.7,3,26,3.166666667,65,2.2,1.25,6,-3,0,4.692307692,1,12
14,229767,5,8.13,13,27,4.25,57,6.5,1.25,6,-2,-1.57,-3.307692308,1,13
14,239020,4,9.1,8,26,4.142857143,59,12,1.25,6,-3,-0.6,-1.307692308,0,8
14,228203,5,9,10,23,4.625,58,17,1.25,6,-2,-0.7,-2.307692308,0,9
14,237540,4,9.4,5,46,3.625,62,21,1.25,6,-3,-0.3,1.692307692,0,14
14,239044,4,9.7,1,35,5.125,65,4.5,1.25,6,-3,0,4.692307692,0,6
14,220265,6,8.13,11,53,6.25,57,34,1.25,6,-1,-1.57,-3.307692308,0,0
14,219359,6,8.11,14,25,4.75,55,81,1.25,6,-1,-1.59,-5.307692308,0,7
14,236462,4,9.7,4,37,5,65,26,1.25,6,-3,0,4.692307692,0,100
14,246841,4,9.7,2,146,4,65,51,1.25,6,-3,0,4.692307692,0,16
14,241666,4,8.13,12,11,3.875,57,101,1.25,6,-3,-1.57,-3.307692308,0,0
14,246334,4,9.2,7,18,5.285714286,60,126,1.25,6,-3,-0.5,-0.3076923077,0,8
14,211154,7,9.1,9,38,2.125,59,9,1.25,6,0,-0.6,-1.307692308,0,12
5,248201,3,9.8,3,103,4,76,2.75,1.25,6,0,-0.1,1.6,1,16
5,246482,3,9,5,25,2.571428571,68,12,1.25,6,0,-0.9,-6.4,1,3
5,246992,3,9.8,2,117,2.875,76,4,1.25,6,0,-0.1,1.6,0,14
5,244513,3,9.9,1,103,4,77,6,1.25,6,0,0,2.6,0,0
5,251686,3,9.7,4,19,3,75,4.5,1.25,6,0,-0.2,0.6,0,13
9,244350,3,8.9,8,32,3.25,58,4.5,0.75,6,0,-0.8,-5.75,1,9
9,245513,3,9.6,2,11,3,69,17,0.75,6,0,-0.1,5.25,1,4
9,249156,3,9.1,7,35,5.666666667,64,4.33,0.75,6,0,-0.6,0.25,0,14
9,244367,3,9.1,6,26,4.166666667,64,10,0.75,6,0,-0.6,0.25,0,16
9,245024,3,9.7,1,186,4.666666667,70,12,0.75,6,0,0,6.25,0,14
9,245877,3,9.3,5,32,3.375,66,4,0.75,6,0,-0.4,2.25,0,8
9,244245,3,9.5,4,56,5.571428571,68,5,0.75,6,0,-0.2,4.25,0,12
9,246677,3,8.2,9,33,4,51,81,0.75,6,0,-1.5,-12.75,0,7
10,211105,7,9.7,3,23,4,55,6,0.875,6,-3,-0.1,4.6,1,3
10,245435,4,9.8,1,5,5,56,3.75,0.875,6,-6,0,5.6,1,4
10,238509,4,9.7,2,5,4.625,55,7,0.875,6,-6,-0.1,4.6,0,0
10,245680,4,9.3,5,21,3.125,51,5,0.875,6,-6,-0.5,0.6,0,14
10,247061,4,9.6,4,5,7,54,6,0.875,6,-6,-0.2,3.6,0,8
10,183272,8,8.12,10,5,7.625,46,151,0.875,6,-2,-1.68,-4.4,0,0
10,230015,5,8.12,8,37,4.875,46,34,0.875,6,-5,-1.68,-4.4,0,6
10,71566,10,8.12,9,6,5.75,46,13,0.875,6,0,-1.68,-4.4,0,15
10,211444,7,8.12,7,14,4.875,46,41,0.875,6,-3,-1.68,-4.4,0,7
10,218286,6,9.1,6,11,5.75,49,11,0.875,6,-4,-0.7,-1.4,0,7
9,224243,8,11.8,5,40,5,95,4.2,2.5,7,-2,-0.1,3.555555556,1,5
9,242301,7,11.9,3,26,3.285714286,96,9,2.5,7,-3,0,4.555555556,1,10
9,212527,10,11.11,2,24,3,98,4.5,2.5,7,0,-0.79,6.555555556,0,16
9,235014,6,11.2,6,24,6.5,89,13,2.5,7,-4,-0.7,-2.444444444,0,10
9,224464,9,11.9,4,10,3.25,96,8.5,2.5,7,-1,0,4.555555556,0,7
9,231959,7,11.12,1,40,2.666666667,99,13,2.5,7,-3,-0.78,7.555555556,0,8
9,241164,6,11.1,7,40,5,88,5.5,2.5,7,-4,-0.8,-3.444444444,0,10
15,222670,7,10.11,12,111,3.625,87,9.5,1.375,7,-1,-1.79,-5.714285714,1,14
15,250341,7,10.2,15,44,8,78,51,1.375,7,-1,-1.7,-14.71428571,1,7
15,186877,8,11.12,3,139,2.125,102,19,1.375,7,0,-0.78,9.285714286,0,10
15,219052,6,11.12,2,40,2.75,102,5,1.375,7,-2,-0.78,9.285714286,0,6
15,233092,6,11,11,26,4.714285714,90,6,1.375,7,-2,-0.9,-2.714285714,0,5
15,239449,6,11,10,64,3.8,90,15,1.375,7,-2,-0.9,-2.714285714,0,4
15,228884,6,11.9,4,25,3.2,99,19,1.375,7,-2,0,6.285714286,0,0
15,236831,7,10.4,14,44,5,80,19,1.375,7,-1,-1.5,-12.71428571,0,10
15,213596,8,11.6,9,94,5.125,96,10,1.375,7,0,-0.3,3.285714286,0,16
15,236763,7,11.8,8,73,5.571428571,98,3.75,1.375,7,-1,-0.1,5.285714286,0,8
15,241455,7,11.8,7,110,4.8,98,26,1.375,7,-1,-0.1,5.285714286,0,10
15,217018,8,11.8,6,29,4.75,98,26,1.375,7,0,-0.1,5.285714286,0,5
15,188327,8,11.9,5,15,5.5,99,15,1.375,7,0,0,6.285714286,0,8
6,226460,7,11,6,40,3.333333333,93,2,2.875,7,-2,-0.7,-7.5,1,12
6,221618,8,11.11,3,87,4.571428571,104,5.5,2.875,7,-1,-0.59,3.5,1,0
6,214128,9,11.7,4,72,3.833333333,100,34,2.875,7,0,0,-0.5,0,3
6,209104,9,11.12,2,64,4.333333333,105,19,2.875,7,0,-0.58,4.5,0,8
6,223841,8,11.2,5,6,4.5,95,8.5,2.875,7,-1,-0.5,-5.5,0,10
11,241712,4,11,6,25,4.75,108,29,1.875,7,-4,-0.9,4.454545455,1,12
11,242234,5,11,7,25,5.333333333,100,9.5,1.875,7,-3,-0.9,-3.545454545,1,10
11,205716,8,11.12,1,71,3.142857143,112,21,1.875,7,0,-0.78,8.454545455,0,3
11,245408,5,11,5,15,3.125,100,21,1.875,7,-3,-0.9,-3.545454545,0,7
11,240990,5,10.11,10,25,4.333333333,97,5.5,1.875,7,-3,-1.79,-6.545454545,0,4
11,217150,8,10.11,9,15,4.714285714,97,7,1.875,7,0,-1.79,-6.545454545,0,16
11,240291,6,11.5,4,119,3.6,105,10,1.875,7,-2,-0.4,1.454545455,0,10
11,212771,7,10.11,11,29,1.875,97,5,1.875,7,-1,-1.79,-6.545454545,0,10
11,238220,4,11.7,3,24,3.5,115,6,1.875,7,-4,-0.2,11.45454545,0,10
11,225158,6,10.13,8,25,4.875,99,17,1.875,7,-2,-1.77,-4.545454545,0,10
11,233417,5,11.9,2,25,3.666666667,109,11,1.875,7,-3,0,5.454545455,0,0
6,241622,8,10.9,6,42,3,98,4.2,2.875,7,-1,-0.9,-10.2,1,1
6,240045,7,11.12,1,24,3.142857143,115,2,2.875,7,-2,-0.68,6.8,1,21
6,222879,8,11.5,5,100,2.5,108,7.5,2.875,7,-1,-0.3,-0.2,0,10
6,210366,9,11.8,3,74,4,111,23,2.875,7,0,0,2.8,0,0
6,233626,6,11.6,4,119,4.625,109,5.5,2.875,7,-3,-0.2,0.8,0,6
11,240654,7,11.9,3,117,2.75,94,3,2.5,8,-5,0,9.636363636,1,9
11,249875,7,11.11,2,41,5.6,96,5,2.5,8,-5,-0.79,11.63636364,1,15
11,240090,8,10.7,8,53,6.166666667,78,34,2.5,8,-4,-1.2,-6.363636364,0,4
11,203072,10,11.5,4,97,4.428571429,90,13,2.5,8,-2,-0.4,5.636363636,0,7
11,218224,9,10.7,7,105,7,78,41,2.5,8,-3,-1.2,-6.363636364,0,5
11,224287,9,10.7,6,6,4,78,11,2.5,8,-3,-1.2,-6.363636364,0,11
11,233038,7,10.4,10,226,4,75,6.5,2.5,8,-5,-1.5,-9.363636364,0,6
11,231924,10,10.7,9,34,5.166666667,78,7.5,2.5,8,-2,-1.2,-6.363636364,0,9
11,215879,11,11.4,5,43,0,89,13,2.5,8,-1,-0.5,4.636363636,0,15
7,215597,10,11.12,2,25,1.875,133,8.5,2.5,8,0,-0.98,6.714285714,1,4
7,225650,7,11.2,5,83,4,123,6,2.5,8,-3,-0.9,-3.285714286,1,14
7,202429,10,11.6,4,53,2,127,4.5,2.5,8,0,-0.5,0.7142857143,0,0
7,214043,9,10.9,7,67,3.857142857,116,9,2.5,8,-1,-1.2,-10.28571429,0,0
7,225164,7,12.1,1,22,2.125,136,3.75,2.5,8,-3,0,9.714285714,0,14
7,224065,7,11,6,13,3.285714286,121,6.5,2.5,8,-3,-1.1,-5.285714286,0,10
7,198938,10,11.7,3,74,4.857142857,128,13,2.5,8,0,-0.4,1.714285714,0,11
17,234018,8,10.8,16,78,3.428571429,82,17,1.875,8,-2,-1.1,-9.8,1,23
17,234957,7,10.9,14,48,5,83,5.5,1.875,8,-3,-1,-8.8,1,15
17,240292,6,11.8,7,20,4.8,96,26,1.875,8,-4,-0.1,4.2,0,4
17,233025,6,10.8,17,78,4.714285714,82,21,1.875,8,-4,-1.1,-9.8,0,5
17,233274,7,11.6,8,27,3.857142857,94,12,1.875,8,-3,-0.3,2.2,0,4
17,251649,7,11.12,2,11,6.666666667,100,4,1.875,8,-3,-0.78,8.2,0,4
17,235485,5,10.8,15,39,5,82,9.5,1.875,8,-5,-1.1,-9.8,0,4
17,245943,6,11.1,4,9,4.375,98,17,1.875,8,-4,-0.8,6.2,0,14
17,240404,5,11.6,9,39,2.714285714,94,34,1.875,8,-5,-0.3,2.2,0,0
17,235916,6,11.127,3,6,3.428571429,100,6.5,1.875,8,-4,#VALUE!,8.2,0,13
17,236210,6,11.8,6,48,5,96,4.5,1.875,8,-4,-0.1,4.2,0,15
17,250112,5,11,12,42,3.25,88,41,1.875,8,-5,-0.9,-3.8,0,5
17,243095,7,11.9,5,30,4.833333333,97,151,1.875,8,-3,0,5.2,0,0
17,207341,10,11.4,11,127,2.857142857,92,67,1.875,8,0,-0.5,0.2,0,8
17,233252,7,11.5,10,209,5.5,93,26,1.875,8,-3,-0.4,1.2,0,6
18,233760,7,11.11,5,24,2.833333333,109,10,2.625,8,-3,-0.79,6.6,1,14
18,233069,6,11.7,11,74,1.75,105,2.75,2.625,8,-4,-0.2,2.6,1,22
18,242780,5,11.9,6,46,2.5,107,5.5,2.625,8,-5,0,4.6,0,7
18,224654,7,11.11,4,46,3.625,109,7,2.625,8,-3,-0.79,6.6,0,13
18,233931,7,11.2,14,76,7,100,34,2.625,8,-3,-0.7,-2.4,0,0
18,250174,5,11.8,8,27,5.25,106,11,2.625,8,-5,-0.1,3.6,0,16
18,241114,6,11.12,1,101,5.666666667,110,34,2.625,8,-4,-0.78,7.6,0,10
18,234689,5,10.3,16,58,7.5,87,81,2.625,8,-5,-1.6,-15.4,0,7
7,238276,4,9.1,4,15,5.25,66,4.5,1,6,-2,-0.6,-2.833333333,1,9
7,235144,4,8.11,7,15,3.75,62,5,1,6,-2,-1.59,-6.833333333,1,10
7,239039,4,9.12,1,10,4.625,77,9,1,6,-2,-0.58,8.166666667,0,10
7,217628,6,9,6,15,3.75,65,8,1,6,0,-0.7,-3.833333333,0,17
7,246907,4,9.7,2,8,3.875,72,2.5,1,6,-2,0,3.166666667,0,3
7,228917,5,9.6,3,45,4.375,71,19,1,6,-1,-0.1,2.166666667,0,0
8,217523,6,9.9,1,6,3,76,4.33,0.75,6,-4,0,5.625,1,9
8,240309,5,9.9,2,19,4.25,76,3.5,0.75,6,-5,0,5.625,1,0
8,71807,10,8.9,8,14,5.375,62,15,0.75,6,0,-1,-8.375,0,0
8,208795,7,9.9,3,19,2.875,76,5.5,0.75,6,-3,0,5.625,0,14
8,227587,5,9.7,4,28,3.25,74,5.5,0.75,6,-5,-0.2,3.625,0,10
8,227088,6,9,5,13,4.75,67,17,0.75,6,-4,-0.9,-3.375,0,11
8,218954,6,9,6,30,3.375,67,11,0.75,6,-4,-0.9,-3.375,0,12
8,76864,10,8.12,7,17,6.375,65,17,0.75,6,0,-1.78,-5.375,0,8
9,231398,5,9.4,6,121,3.875,82,6,1.25,6,-5,-0.3,1.444444444,1,13
9,239980,4,9.6,3,19,2.75,84,3.25,1.25,6,-6,-0.1,3.444444444,1,17
9,217205,6,8.13,7,5,3.75,77,7.5,1.25,6,-4,-1.57,-3.555555556,0,11
9,239170,4,9.6,5,46,3.625,84,11,1.25,6,-6,-0.1,3.444444444,0,8
9,242709,4,9.7,1,170,2,85,6.5,1.25,6,-6,0,4.444444444,0,16
9,242312,4,9.7,2,12,2.875,85,8.5,1.25,6,-6,0,4.444444444,0,16
9,236051,4,8.1,8,145,4.125,74,9,1.25,6,-6,-1.6,-6.555555556,0,5
9,209139,7,8.6,9,14,2.625,70,26,1.25,6,-3,-1.1,-10.55555556,0,6
9,124226,10,9.6,4,19,4.875,84,51,1.25,6,0,-0.1,3.444444444,0,11
11,250033,3,9.4,4,33,5.25,57,2,1.25,6,0,-0.3,5,1,16
11,247611,3,8.12,6,18,5.166666667,51,9,1.25,6,0,-1.58,-1,1,8
11,250012,3,8.8,8,26,6.75,47,9.5,1.25,6,0,-0.9,-5,0,0
11,250521,3,9.1,5,16,5,54,21,1.25,6,0,-0.6,2,0,11
11,251364,3,8.7,10,33,4.333333333,46,51,1.25,6,0,-1,-6,0,6
11,251585,3,9.7,1,20,6.666666667,60,12,1.25,6,0,0,8,0,8
11,244312,3,9.7,2,16,4.375,60,6,1.25,6,0,0,8,0,9
11,251640,3,8.7,11,15,4.666666667,46,101,1.25,6,0,-1,-6,0,7
11,246815,3,9.5,3,13,4.75,58,12,1.25,6,0,-0.2,6,0,13
11,244498,3,8.7,9,38,6.142857143,46,19,1.25,6,0,-1,-6,0,8
11,247295,3,8.8,7,19,5,47,34,1.25,6,0,-0.9,-5,0,9
17,233451,7,11.13,3,46,3.75,101,4.5,2.5,3,-6,-0.87,6.642857143,1,25
17,207548,10,11.11,8,44,2.833333333,99,11,2.5,3,-3,-0.89,4.642857143,1,50
17,170547,12,10,14,24,6,74,7.5,2.5,3,-1,-2,-20.35714286,0,0
17,232084,7,11.11,6,44,2.571428571,99,3.75,2.5,3,-6,-0.89,4.642857143,0,0
17,216381,8,11.6,15,145,3.75,94,8,2.5,3,-5,-0.4,-0.3571428571,0,0
13,209906,9,10,10,28,2.75,84,29,2,3,-4,-1.8,-9.230769231,1,0
13,215938,8,9.12,13,68,4.6,82,51,2,3,-5,-2.68,-11.23076923,1,0
13,237888,8,9.12,11,24,3.625,82,26,2,3,-5,-2.68,-11.23076923,0,0
13,234887,6,11.1,1,60,5.714285714,108,17,2,3,-7,-0.7,14.76923077,0,0
13,232968,7,11.7,3,17,3,105,6,2,3,-6,-0.1,11.76923077,0,0
13,250358,7,10.1,9,17,5.4,85,6,2,3,-6,-1.7,-8.230769231,0,0
13,209345,9,11.8,2,74,3.625,106,15,2,3,-4,0,12.76923077,0,0
14,231890,8,11.4,8,28,5,92,8,2.875,3,-5,-0.6,0,1,0
14,233961,7,12,1,34,4.375,102,3.5,2.875,3,-6,0,10,1,0
14,224071,8,11.1,3,11,7.6,98,19,2.875,3,-5,-0.9,6,0,0
14,243283,8,11.5,6,24,4.5,93,10,2.875,3,-5,-0.5,1,0,0
14,224809,8,10.1,12,354,4.2,84,13,2.875,3,-5,-1.9,-8,0,0
14,205459,10,11.5,7,11,5.166666667,93,29,2.875,3,-3,-0.5,1,0,0
14,222412,9,10.1,11,28,4.333333333,84,17,2.875,3,-4,-1.9,-8,0,0
5,217818,9,11,5,28,2,128,4.33,2.5,7,0,-0.9,-5,1,14
5,232479,6,11.7,2,23,3.714285714,135,5,2.5,7,-3,-0.2,2,1,15
5,232398,7,11.9,1,26,2.75,137,4.33,2.5,7,-2,0,4,0,16
5,222801,8,11.2,4,38,2.428571429,130,3.5,2.5,7,-1,-0.7,-3,0,0
10,236063,6,11.12,2,96,2.8,120,7,2.875,7,-2,-0.78,7.111111111,1,11
10,223124,7,11.12,1,15,4.25,120,7.5,2.875,7,-1,-0.78,7.111111111,1,10
10,225103,7,11.2,7,52,3.857142857,110,10,2.875,7,-1,-0.7,-2.888888889,0,14
10,230316,8,10.12,9,42,6.125,106,7,2.875,7,0,-1.78,-6.888888889,0,12
10,223130,7,10.13,8,42,3.142857143,107,6,2.875,7,-1,-1.77,-5.888888889,0,9
10,239878,8,11.9,3,93,3,117,11,2.875,7,0,0,4.111111111,0,0
10,241884,6,10.11,10,7,5,105,26,2.875,7,-2,-1.79,-7.888888889,0,15
10,231850,8,11.7,5,21,4.857142857,115,8,2.875,7,0,-0.2,2.111111111,0,13
8,198641,10,10.11,8,28,3,125,7.5,2.875,7,-2,-1.89,-7.125,1,0
8,223679,8,11.3,4,54,3.5,131,5,2.875,7,-4,-0.7,-1.125,1,14
8,216634,9,11,6,26,3.857142857,128,5,2.875,7,-3,-1,-4.125,0,5
8,221691,8,11.1,5,42,4.285714286,129,9.5,2.875,7,-4,-0.9,-3.125,0,11
8,209967,10,10.13,7,14,3.5,127,21,2.875,7,-2,-1.87,-5.125,0,6
9,248933,6,10.1,7,82,5,112,6.5,2.625,7,-1,-1.02,-5.375,1,0
9,242298,6,10.5,9,77,4.75,107,7,2.625,7,-1,-0.62,-10.375,1,7
9,248756,5,11.11,2,43,1.8,127,3.25,2.625,7,-2,-0.01,9.625,0,12
9,240534,6,11,5,43,5.857142857,116,9.5,2.625,7,-1,-0.12,-1.375,0,10
9,225731,7,10.11,6,68,2.4,113,21,2.625,7,0,-1.01,-4.375,0,4
9,243104,5,11.1,4,21,3.4,126,5.5,2.625,7,-2,-0.02,8.625,0,11
9,238831,7,11.12,1,33,3.285714286,128,15,2.625,7,0,0,10.625,0,14
9,233898,7,10.8,8,47,3.5,110,7.5,2.625,7,0,-0.32,-7.375,0,12
18,229025,5,10.2,18,34,4.4,81,5,1.875,7,-4,-1.7,-14.52941176,1,14
18,224290,9,11.8,7,68,3.625,101,11,1.875,7,0,-0.1,5.470588235,1,13
18,242458,6,11.11,2,44,4.25,104,10,1.875,7,-3,-0.79,8.470588235,0,5
18,230324,5,11,13,47,6,93,7.5,1.875,7,-4,-0.9,-2.529411765,0,9
18,226943,5,11.11,3,111,2.833333333,104,7,1.875,7,-4,-0.79,8.470588235,0,10
18,155553,9,11.1,11,93,8,94,23,1.875,7,0,-0.8,-1.529411765,0,13
18,212827,7,11.9,6,28,7,102,29,1.875,7,-2,0,6.470588235,0,12
18,226482,6,10.6,16,23,5.25,85,21,1.875,7,-3,-1.3,-10.52941176,0,5
18,241474,6,11.11,4,42,6.333333333,104,11,1.875,7,-3,-0.79,8.470588235,0,8
18,241075,7,10.8,14,47,5.2,87,26,1.875,7,-2,-1.1,-8.529411765,0,3
18,236557,7,11.7,9,15,2.666666667,100,10,1.875,7,-2,-0.2,4.470588235,0,5
18,233441,6,11.12,1,86,4.875,105,9,1.875,7,-3,-0.78,9.470588235,0,9
18,242456,6,11.1,5,35,5.833333333,103,29,1.875,7,-3,-0.8,7.470588235,0,17
18,249008,5,11.7,8,17,3.8,100,41,1.875,7,-4,-0.2,4.470588235,0,0
18,249771,5,11,12,50,5.75,93,26,1.875,7,-4,-0.9,-2.529411765,0,10
9,247765,3,9.1,8,19,3.833333333,54,11,1,6,0,-0.7,-2,1,4
9,245551,3,9.4,4,28,6.875,57,8.5,1,6,0,-0.4,1,1,0
9,245814,3,9.8,1,26,2.857142857,61,6.5,1,6,0,0,5,0,0
9,251079,3,9.2,6,18,4,55,7.5,1,6,0,-0.6,-1,0,9
9,245314,3,9.2,7,8,2.714285714,55,3.75,1,6,0,-0.6,-1,0,8
9,246872,3,9.7,2,161,6.333333333,60,3.25,1,6,0,-0.1,4,0,11
9,245989,3,9.4,5,22,5.125,57,17,1,6,0,-0.4,1,0,0
9,248640,3,8.1,9,65,4.25,49,101,1,6,0,-1.7,-7,0,8
8,236506,4,8.7,3,62,3.125,91,5,0.875,6,-5,-1,-0.125,1,8
8,225618,6,8.2,6,7,1.666666667,86,2.2,0.875,6,-3,-1.5,-5.125,1,14
8,218731,6,8.7,4,12,1.875,91,7.5,0.875,6,-3,-1,-0.125,0,9
8,207682,7,8.1,2,8,4.25,94,26,0.875,6,-2,-1.6,2.875,0,10
8,152845,9,8.2,7,7,3.875,86,19,0.875,6,0,-1.5,-5.125,0,10
8,236264,5,8.6,5,35,2.625,90,6.5,0.875,6,-4,-1.1,-1.125,0,14
8,155418,9,8.2,8,142,3.5,86,81,0.875,6,0,-1.5,-5.125,0,4
8,208258,7,9.7,1,42,3.625,105,11,0.875,6,-2,0,13.875,0,9
8,237308,4,9.5,5,37,2.375,68,7,0.75,6,-4,-0.4,0.875,1,3
8,233815,5,9.5,6,183,2.5,68,6,0.75,6,-3,-0.4,0.875,1,0
8,228367,5,9.9,1,13,3.5,72,7,0.75,6,-3,0,4.875,0,0
8,216934,6,9.4,7,7,2.75,67,6,0.75,6,-2,-0.5,-0.125,0,9
8,236729,4,9.7,3,8,4,70,5.5,0.75,6,-4,-0.2,2.875,0,14
8,171512,8,9.6,4,14,3,69,4,0.75,6,0,-0.3,1.875,0,0
8,236805,4,9.8,2,16,5.125,71,12,0.75,6,-4,-0.1,3.875,0,8
8,238231,4,8.3,8,11,4.375,52,201,0.75,6,-4,-1.6,-15.125,0,5
11,237413,5,9.3,8,7,2.375,49,4,0.5,6,-4,-0.4,-0.6,1,6
11,229849,5,9.1,1,17,3.375,56,4,0.5,6,-4,-0.6,6.4,1,15
11,145050,9,9.5,5,8,4.25,51,11,0.5,6,0,-0.2,1.4,0,8
11,216597,6,9.5,6,8,4,51,7.5,0.5,6,-3,-0.2,1.4,0,0
11,228278,5,9.6,3,20,4.75,52,4,0.5,6,-4,-0.1,2.4,0,14
11,225834,6,8.13,11,57,6,45,67,0.5,6,-3,-1.57,-4.6,0,4
11,176405,8,8.13,9,7,5,45,29,0.5,6,-1,-1.57,-4.6,0,8
11,218311,6,8.13,10,8,6.25,45,13,0.5,6,-3,-1.57,-4.6,0,18
11,236093,4,9.3,7,7,7,49,34,0.5,6,-5,-0.4,-0.6,0,8
11,251589,4,9.7,2,17,5.25,53,17,0.5,6,-5,0,3.4,0,0
4,239872,4,9.2,4,27,5.166666667,70,8,1.5,6,-6,-0.4,-3,1,14
4,232074,5,9.6,2,13,4.75,73,1.28,1.5,6,-5,0,0,1,7
4,75669,10,9.5,3,37,5.625,72,7,1.5,6,0,-0.1,-1,0,14
4,237015,5,9.1,1,110,2.428571429,77,26,1.5,6,-5,-0.5,4,0,10
11,219174,6,9.5,3,24,4.375,53,3.25,2,6,-2,-0.2,2.636363636,1,10
11,244183,4,8.1,11,68,5.8,47,4,2,6,-4,-1.6,-3.363636364,1,14
11,221514,6,9.4,5,8,5.333333333,52,26,2,6,-2,-0.3,1.636363636,0,7
11,189745,8,9.5,2,18,3.4,53,4.33,2,6,0,-0.2,2.636363636,0,8
11,245106,4,9.2,7,12,5.75,53,5.5,2,6,-4,-0.5,2.636363636,0,7
11,229873,8,9.3,6,32,4.875,51,29,2,6,0,-0.4,0.6363636364,0,10
11,234046,5,8.12,8,5,3.428571429,46,26,2,6,-3,-1.58,-4.363636364,0,0
11,197965,8,9.4,4,44,4.666666667,52,21,2,6,0,-0.3,1.636363636,0,3
11,224329,7,9.7,1,21,3.666666667,55,41,2,6,-1,0,4.636363636,0,8
11,232749,5,8.12,9,142,6.666666667,46,81,2,6,-3,-1.58,-4.363636364,0,100
11,219606,6,8.12,10,911,0,46,126,2,6,-2,-1.58,-4.363636364,0,4
9,224790,7,11.5,6,98,5.125,108,7,2.875,8,-4,-0.2,0.3333333333,1,15
9,212674,8,11.5,4,12,4.25,108,4,2.875,8,-3,-0.2,0.3333333333,1,8
9,212202,9,11.7,2,599,4.142857143,110,10,2.875,8,-2,0,2.333333333,0,9
9,212837,11,11.5,5,98,3.6,108,4,2.875,8,0,-0.2,0.3333333333,0,13
9,234741,6,11.4,7,25,4.428571429,107,5,2.875,8,-5,-0.3,-0.6666666667,0,14
9,202035,11,11.6,3,27,4,109,15,2.875,8,0,-0.1,1.333333333,0,0
9,228191,8,11.3,8,36,2.285714286,106,23,2.875,8,-3,-0.4,-1.666666667,0,11
9,178350,11,11,9,31,4.6,103,41,2.875,8,0,-0.7,-4.666666667,0,13
9,218471,9,11.7,1,112,5.428571429,110,15,2.875,8,-2,0,2.333333333,0,15
17,230306,5,11.11,1,23,6,100,17,1.375,8,-6,-0.79,5.0625,1,23
17,241626,7,11.9,4,86,4.666666667,98,41,1.375,8,-4,0,3.0625,1,21
17,212921,9,11.9,3,40,3.166666667,98,7,1.375,8,-2,0,3.0625,0,0
17,200981,10,11.8,6,40,4.125,97,10,1.375,8,-1,-0.1,2.0625,0,9
17,242005,6,11.3,14,21,5.4,92,34,1.375,8,-5,-0.6,-2.9375,0,16
17,231144,7,11.11,2,15,5.4,100,13,1.375,8,-4,-0.79,5.0625,0,15
17,198172,10,11.17,15,9,4.428571429,90,4.5,1.375,8,-1,#VALUE!,-4.9375,0,10
17,211345,7,11.7,7,49,3.166666667,96,17,1.375,8,-4,-0.2,1.0625,0,10
17,220209,6,11.7,10,50,4.375,96,21,1.375,8,-5,-0.2,1.0625,0,3
17,249100,5,11.5,11,44,1.333333333,94,81,1.375,8,-6,-0.4,-0.9375,0,8
14,224347,8,12.1,1,44,4.833333333,112,5.5,2.875,8,-3,0,9.714285714,1,13
14,136615,10,11.4,10,59,4.5,101,41,2.875,8,-1,-0.7,-1.285714286,1,8
14,240074,6,11.6,7,52,2.714285714,103,4.5,2.875,8,-5,-0.5,0.7142857143,0,11
14,241478,6,10.1,14,40,6.25,84,67,2.875,8,-5,-2,-18.28571429,0,4
14,217437,10,11,12,405,5.166666667,97,21,2.875,8,-1,-1.1,-5.285714286,0,6
14,225724,8,11.11,4,511,2.857142857,108,15,2.875,8,-3,-0.99,5.714285714,0,13
14,247426,6,11.12,3,59,4.8,109,26,2.875,8,-5,-0.98,6.714285714,0,13
14,233309,8,11.5,9,82,4,102,3.5,2.875,8,-3,-0.6,-0.2857142857,0,16
14,225767,7,11.1,6,14,2.5,107,67,2.875,8,-4,-1,4.714285714,0,7
14,225425,8,11.5,8,72,3.25,102,17,2.875,8,-3,-0.6,-0.2857142857,0,10
14,202011,11,11.12,2,17,2.25,109,11,2.875,8,0,-0.98,6.714285714,0,10
14,231342,8,10.9,13,91,4.571428571,92,15,2.875,8,-3,-1.2,-10.28571429,0,4
5,235790,7,11,5,98,4.571428571,108,3.5,2.625,8,-2,-1,-8,1,17
5,216923,8,11.1,2,72,3.857142857,118,5,2.625,8,-1,-0.9,2,1,8
5,214785,9,11.8,3,40,4.25,116,3.5,2.625,8,0,-0.2,0,0,15
5,215877,8,12,1,30,4.571428571,122,3.25,2.625,8,-1,0,6,0,17
9,230672,5,11.6,7,185,2.5,113,34,2,2,-2,-0.4,-1.125,1,5
9,241620,6,11.6,6,85,3,113,2.62,2,2,-1,-0.4,-1.125,1,8
9,251125,4,10.7,9,40,3,108,15,2,2,-3,-1.3,-6.125,0,10
9,240985,6,11.12,3,33,5.714285714,119,21,2,2,-1,-0.88,4.875,0,11
9,230368,5,11.8,5,19,4.428571429,115,2.1,2,2,-2,-0.2,0.875,0,13
9,224595,7,12,2,17,2.75,121,12,2,2,0,0,6.875,0,5
9,232280,7,11.1,4,16,4.142857143,117,17,2,2,0,-0.9,2.875,0,4
9,242169,6,11,8,36,4.25,107,41,2,2,-1,-1,-7.125,0,7
7,224377,8,11.12,2,28,2.428571429,140,6.5,2,2,-5,-0.18,6.285714286,1,9
7,65271,13,11.3,4,84,4,131,19,2,2,0,0,-2.714285714,1,5
7,223154,8,11.12,1,26,3,140,8.5,2,2,-5,-0.18,6.285714286,0,10
7,224599,7,11.11,3,25,4.428571429,139,4.6,2,2,-6,-0.19,5.285714286,0,13
7,170195,11,10.12,7,33,4.625,126,11,2,2,-2,-1.18,-7.714285714,0,12
7,198037,11,10.2,5,10,4.166666667,129,9,3.25,2,-1,-1.4,-6.714285714,1,13
7,218520,9,10.2,6,26,2.857142857,129,6,3.25,2,-3,-1.4,-6.714285714,1,9
7,222477,8,11.6,2,35,1.875,147,2.62,3.25,2,-4,0,11.28571429,0,11
7,110485,12,10.3,4,49,3.5,130,7,3.25,2,0,-1.3,-5.714285714,0,5
7,196999,10,10,7,42,3.166666667,127,15,3.25,2,-2,-1.6,-8.714285714,0,6
7,215035,9,10.8,3,25,3.25,135,17,3.25,2,-3,-0.8,-0.7142857143,0,13
7,196359,11,11.12,1,77,4.285714286,153,5,3.25,2,-1,-0.48,17.28571429,0,9
8,241168,6,10.11,7,29,3.75,123,4,3,2,-4,-1.69,-6,1,15
8,225811,7,11.12,1,96,2.5,138,8.5,3,2,-3,-0.68,9,1,13
8,224922,8,11.8,2,26,2.625,134,19,3,2,-2,0,5,0,10
8,213856,10,10.1,8,119,2.375,122,4,3,2,0,-1.7,-7,0,4
8,216370,8,11.6,3,19,3.625,132,11,3,2,-2,-0.2,3,0,8
8,240731,6,11.3,5,42,2.875,129,7,3,2,-4,-0.5,0,0,9
8,222482,9,11.5,4,25,3.75,131,13,3,2,-1,-0.3,2,0,13
8,232853,6,10.6,8,43,5.25,84,4.2,2.125,8,-3,-1.4,-12,1,12
8,215693,9,11.2,5,5,2.6,94,8,2.125,8,0,-0.8,-2,1,5
8,221956,9,12,1,92,3.125,106,7,2.125,8,0,0,10,0,0
8,194398,8,10.12,7,9,4.5,90,6,2.125,8,-1,-1.88,-6,0,18
8,231706,6,11.7,4,32,5.5,99,7,2.125,8,-3,-0.3,3,0,8
8,236553,9,11.8,3,157,3,100,6.5,2.125,8,0,-0.2,4,0,3
8,232206,7,11.12,2,30,4.25,104,9.5,2.125,8,-2,-0.88,8,0,16
8,222416,9,10.13,6,43,2.666666667,91,13,2.125,8,0,-1.87,-5,0,5
10,249962,6,11.7,4,56,1.333333333,133,5.5,2.5,8,-2,0,3.111111111,1,21
10,233884,7,11.37,6,6,3.125,129,3,2.5,8,-1,#VALUE!,-0.8888888889,1,14
10,231130,7,10.12,9,23,3,124,3.75,2.5,8,-1,-1.58,-5.888888889,0,5
10,234213,6,11.11,3,42,2.75,137,15,2.5,8,-2,-0.59,7.111111111,0,14
10,230892,5,10.3,10,15,4.5,115,126,2.5,8,-3,-1.4,-14.88888889,0,7
10,212495,7,11.1,7,11,4.142857143,127,34,2.5,8,-1,-0.6,-2.888888889,0,18
10,192794,8,11.3,5,45,3.875,129,13,2.5,8,0,-0.4,-0.8888888889,0,0
10,224793,7,11.12,1,64,3.428571429,138,7.5,2.5,8,-1,-0.58,8.111111111,0,16
10,252684,5,11.11,2,510,2,137,17,2.5,8,-3,-0.59,7.111111111,0,22
14,223082,8,10.11,6,28,2.571428571,135,3.5,2,8,-3,-1.39,0.3571428571,1,5
14,242154,5,10.5,10,13,1.5,129,11,2,8,-6,-1,-5.642857143,1,14
14,240536,6,11.5,3,42,1.625,143,6,2,8,-5,0,8.357142857,0,22
14,242906,5,11.3,4,56,3,141,7.5,2,8,-6,-0.2,6.357142857,0,21
14,181840,11,11.1,5,56,3,139,9,2,8,0,-0.4,4.357142857,0,17
14,250350,6,10.9,7,27,1.4,133,7.5,2,8,-5,-0.6,-1.642857143,0,14
14,221870,6,10,13,95,1.5,124,51,2,8,-5,-1.5,-10.64285714,0,7
14,219234,6,11.12,1,28,3.625,150,17,2,8,-5,-0.38,15.35714286,0,27
14,222963,7,10,14,19,1.857142857,124,15,2,8,-4,-1.5,-10.64285714,0,5
14,202599,9,11.11,2,28,3.25,149,29,2,8,-2,-0.39,14.35714286,0,8
14,193832,8,10.3,12,28,4.333333333,127,41,2,8,-3,-1.2,-7.642857143,0,16
14,225638,8,10.4,11,28,4,128,81,2,8,-3,-1.1,-6.642857143,0,7
4,236934,7,10.9,4,67,3.75,118,4.33,2.125,8,-1,-1.1,-12.75,1,12
4,232375,7,12,2,15,4,137,2.1,2.125,8,-1,0,6.25,1,22
4,233478,7,12,1,80,2.833333333,137,4,2.125,8,-1,0,6.25,0,21
6,235487,4,9.3,4,34,3.875,69,3.5,1,6,-4,-0.4,-1,1,16
6,230953,5,9.7,1,10,3.875,73,5.5,1,6,-3,0,3,1,14
6,239676,4,9.2,5,15,4.875,68,3.12,1,6,-4,-0.5,-2,0,12
6,216675,7,9.2,6,7,5.875,68,8,1,6,-1,-0.5,-2,0,8
6,191360,8,9.4,3,10,5.25,70,17,1,6,0,-0.3,0,0,17
6,238196,4,9.6,2,8,4.625,72,8,1,6,-4,-0.1,2,0,0
7,209349,7,8.13,6,21,4.5,77,3.75,1,6,-3,-1.57,-4.285714286,1,12
7,239654,4,9.2,5,21,2.714285714,80,2.37,1,6,-6,-0.5,-1.285714286,1,16
7,218144,6,9.6,3,19,4.75,84,4.5,1,6,-4,-0.1,2.714285714,0,5
7,242923,4,8.11,7,18,1.75,75,10,1,6,-6,-1.59,-6.285714286,0,8
7,226872,5,9.7,2,14,2.75,85,10,1,6,-5,0,3.714285714,0,10
7,241268,4,9.5,4,124,3,83,126,1,6,-6,-0.2,1.714285714,0,0
7,131002,10,9.7,1,29,8,85,126,1,6,0,0,3.714285714,0,11
10,225258,5,8.13,4,31,4.875,57,7,0.625,6,-4,-1.57,0.4444444444,1,14
10,226793,5,9.7,1,24,5.625,65,7.5,0.625,6,-4,0,8.444444444,1,6
10,216914,6,8.12,6,24,4.375,56,5,0.625,6,-3,-1.58,-0.5555555556,0,14
10,170431,9,9.3,2,16,6.75,61,15,0.625,6,0,-0.4,4.444444444,0,16
10,234043,5,8.12,8,36,2.875,56,4.5,0.625,6,-4,-1.58,-0.5555555556,0,8
10,226641,5,8.3,10,14,7,47,101,0.625,6,-4,-1.4,-9.555555556,0,0
10,238159,4,8.13,3,31,3.875,57,13,0.625,6,-5,-1.57,0.4444444444,0,13
10,238619,4,8.1,9,178,3.125,54,8.5,0.625,6,-5,-1.6,-2.555555556,0,11
10,180927,8,8.12,7,43,3.75,56,6,0.625,6,-1,-1.58,-0.5555555556,0,4
7,184911,8,9.2,2,7,3.125,97,10,0.625,6,-2,-0.5,2.285714286,1,8
7,224876,5,8.8,7,21,2.375,89,5,0.625,6,-5,-0.9,-5.714285714,1,4
7,229003,5,9,5,21,1.75,95,2,0.625,6,-5,-0.7,0.2857142857,0,16
7,76330,10,9,3,7,5.375,95,12,0.625,6,0,-0.7,0.2857142857,0,8
7,219006,6,8.9,6,122,2.75,90,21,0.625,6,-4,-0.8,-4.714285714,0,17
7,191750,8,9.7,1,7,2.25,102,8.5,0.625,6,-2,0,7.285714286,0,0
7,216600,6,9,4,43,1.5,95,13,0.625,6,-4,-0.7,0.2857142857,0,14
16,238768,5,9.5,10,35,2.25,53,4.5,1.5,6,-3,-0.4,0.625,1,13
16,228862,5,9.5,9,78,3,53,6.5,1.5,6,-3,-0.4,0.625,1,14
16,251911,6,9.8,3,40,1.25,56,2.37,1.5,6,-2,-0.1,3.625,0,0
16,226304,6,9.9,1,15,5.375,57,9,1.5,6,-2,0,4.625,0,2
16,209090,7,8.12,15,8,4.375,46,26,1.5,6,-1,-1.78,-6.375,0,0
16,239343,4,9.6,7,28,4.5,55,10,1.5,6,-4,-0.3,2.625,0,0
16,245026,4,9.8,2,201,2,57,51,1.5,6,-4,-0.1,4.625,0,17
16,221422,6,9.4,11,15,4.125,52,51,1.5,6,-2,-0.5,-0.375,0,6
16,235855,5,8.12,14,228,5,46,51,1.5,6,-3,-1.78,-6.375,0,7
16,237256,5,8.12,16,36,5.75,46,101,1.5,6,-3,-1.78,-6.375,0,10
16,210593,8,9.6,8,15,4.25,54,8,1.5,6,0,-0.3,1.625,0,12
16,225955,5,9.6,6,555,4.285714286,54,126,1.5,6,-3,-0.3,1.625,0,16
16,249758,4,8.12,13,18,4.571428571,47,51,1.5,6,-4,-1.78,-5.375,0,10
16,199362,8,9.7,4,15,2.875,55,67,1.5,6,0,-0.2,2.625,0,8
16,207659,8,9.7,5,34,5.2,55,41,1.5,6,0,-0.2,2.625,0,13
16,212726,8,9.4,12,16,4.6,52,34,1.5,6,0,-0.5,-0.375,0,0
6,237762,4,9.12,2,11,2.625,80,1.8,1.875,6,-3,-0.38,9.833333333,1,0
6,211935,7,9.13,1,18,3.333333333,78,9.5,1.875,6,0,-0.37,7.833333333,1,7
6,218455,7,8.1,6,29,5.125,61,8.5,1.875,6,0,-1.4,-9.166666667,0,0
6,232236,5,9.2,4,10,4.571428571,67,26,1.875,6,-2,-0.3,-3.166666667,0,0
6,245547,4,8.11,5,15,4.125,65,4.5,1.875,6,-3,-1.39,-5.166666667,0,10
6,228950,7,9.5,3,14,6.8,70,15,1.875,6,0,0,-0.1666666667,0,13
19,227593,7,11.6,6,37,4.142857143,112,15,2.5,9,-2,-0.3,4.684210526,1,0
19,241131,6,11.5,8,37,3.125,111,5.5,2.5,9,-3,-0.4,3.684210526,1,0
19,251040,6,10.1,15,13,2.4,102,3.75,2.5,9,-3,-1.8,-5.315789474,0,0
19,242131,6,11.1,12,13,5.625,107,8,2.5,9,-3,-0.8,-0.3157894737,0,0
19,242107,6,11.1,2,37,4.375,116,8.5,2.5,9,-3,-0.8,8.684210526,0,0
19,225482,8,11.1,11,20,3.714285714,107,17,2.5,9,-1,-0.8,-0.3157894737,0,0
19,231951,8,11.6,5,20,5.166666667,112,81,2.5,9,-1,-0.3,4.684210526,0,0
19,240779,8,10.1,14,19,4.75,102,19,2.5,9,-1,-1.8,-5.315789474,0,0
19,208054,9,11.9,3,37,5,115,23,2.5,9,0,0,7.684210526,0,13
19,224504,7,11.8,4,13,2.75,114,9,2.5,9,-2,-0.1,6.684210526,0,0
19,233030,8,11.1,1,132,2.571428571,116,17,2.5,9,-1,-0.8,8.684210526,0,0
19,234558,7,10.1,19,53,4.625,93,11,2.5,9,-2,-1.8,-14.31578947,0,0
19,231997,7,10.4,18,76,2.375,96,15,2.5,9,-2,-1.5,-11.31578947,0,25
19,225262,7,10.7,17,84,1.125,99,126,2.5,9,-2,-1.2,-8.315789474,0,0
19,223278,7,11.5,9,118,3.25,111,151,2.5,9,-2,-0.4,3.684210526,0,0
19,215444,8,10.7,16,17,6.142857143,99,101,2.5,9,-1,-1.2,-8.315789474,0,0
19,187817,8,11.5,7,203,3.2,111,51,2.5,9,-1,-0.4,3.684210526,0,0
19,233633,7,11,13,666,4.2,106,34,2.5,9,-2,-0.9,-1.315789474,0,0
19,236654,5,11.3,10,152,4.125,110,67,2.5,9,-4,-0.6,2.684210526,0,0
13,63381,14,10.1,7,702,5.5,118,13,3,9,0,-1.7,-2,1,0
13,209430,11,10.1,9,30,2.166666667,118,7,3,9,-3,-1.7,-2,1,0
13,73136,10,11.6,4,125,4.166666667,128,13,3,9,-4,-0.2,8,0,0
13,185612,10,11.7,3,13,2.666666667,129,4.5,3,9,-4,-0.1,9,0,0
13,122451,12,10.1,8,34,2.75,118,5,3,9,-2,-1.7,-2,0,0
13,136923,11,10.1,12,30,2.833333333,109,7.5,3,9,-3,-1.7,-11,0,0
13,77364,12,10.6,11,34,1,114,51,3,9,-2,-1.2,-6,0,100
13,214254,10,10.12,6,21,5,120,21,3,9,-4,-1.68,0,0,0
13,122448,12,10.8,10,20,5.166666667,116,29,3,9,-2,-1,-4,0,0
13,157337,10,11.1,1,85,4,132,9.5,3,9,-4,-0.7,12,0,13
13,136689,11,11.8,2,674,4.375,130,101,3,9,-3,0,10,0,0
13,193979,10,9.12,13,4,4.6,106,34,3,9,-4,-2.68,-14,0,0
9,224326,8,10.8,8,21,4.125,102,23,2.5,9,-1,-1,-7.111111111,1,0
9,222450,8,11.2,5,53,3.25,110,9.5,2.5,9,-1,-0.6,0.8888888889,1,0
9,217457,8,10.12,7,19,5,106,17,2.5,9,-1,-1.68,-3.111111111,0,0
9,232085,7,11.8,2,48,2.875,116,4,2.5,9,-2,0,6.888888889,0,0
9,234082,7,11.5,4,13,4.142857143,113,12,2.5,9,-2,-0.3,3.888888889,0,0
9,249337,7,11.1,1,21,3.8,118,3.5,2.5,9,-2,-0.7,8.888888889,0,25
9,223195,9,11.6,3,67,3.625,114,8.5,2.5,9,0,-0.2,4.888888889,0,0
9,225346,8,9.13,9,68,3.333333333,93,6,2.5,9,-1,-2.67,-16.11111111,0,0
11,74824,10,10.7,11,52,5.571428571,109,7,2.5,10,-2,-1.5,-12.90909091,1,14
11,203600,9,11.4,8,85,4.285714286,120,5.5,2.5,10,-3,-0.8,-1.909090909,1,9
11,222466,8,11.9,5,49,3.625,125,26,2.5,10,-4,-0.3,3.090909091,0,21
11,221401,9,12.2,1,132,2.6,132,8.5,2.5,10,-3,0,10.09090909,0,16
11,222468,9,11.5,7,44,3.875,121,4.5,2.5,10,-3,-0.7,-0.9090909091,0,23
11,216529,9,11.12,3,61,2.571428571,128,3.75,2.5,10,-3,-1.08,6.090909091,0,0
11,208386,10,11.12,2,27,3.125,128,26,2.5,10,-2,-1.08,6.090909091,0,10
11,180621,8,11.4,9,86,4.166666667,120,17,2.5,10,-4,-0.8,-1.909090909,0,12
11,205808,11,11.11,4,14,2.428571429,127,17,2.5,10,-1,-1.09,5.090909091,0,10
11,220939,8,11.6,6,49,5.25,122,17,2.5,10,-4,-0.6,0.09090909091,0,17
11,56307,12,10.7,10,42,4.571428571,109,81,2.5,10,0,-1.5,-12.90909091,0,7
10,135775,11,11.3,5,63,2.833333333,136,9,3.125,10,-1,-0.3,0.2222222222,1,3
10,192055,12,10.9,9,80,3.125,128,11,3.125,10,0,-0.7,-7.777777778,1,0
10,214683,10,11.6,3,30,3.125,139,10,3.125,10,-2,0,3.222222222,0,13
10,125086,12,11.4,4,42,2.75,137,34,3.125,10,0,-0.2,1.222222222,0,0
10,143140,11,11.1,6,84,4.25,134,5.5,3.125,10,-1,-0.5,-1.777777778,0,12
10,169174,11,11.12,2,10,3.4,145,10,3.125,10,-1,-0.48,9.222222222,0,15
10,165358,11,11.12,1,108,4.5,145,9.5,3.125,10,-1,-0.48,9.222222222,0,14
14,232070,7,11.3,7,17,2.875,144,7.5,1.375,10,-4,-0.5,2.785714286,1,4
14,234743,7,10.11,9,70,3.571428571,138,5,1.375,10,-4,-1.69,-3.214285714,1,15
14,215945,8,11.5,3,36,2.75,146,12,1.375,10,-3,-0.3,4.785714286,0,12
14,224446,8,10.7,12,91,2.875,134,8,1.375,10,-3,-1.1,-7.214285714,0,14
14,209200,9,10.9,11,99,3.333333333,136,29,1.375,10,-2,-0.9,-5.214285714,0,11
14,216270,8,10.6,13,19,2.857142857,133,9,1.375,10,-3,-1.2,-8.214285714,0,19
14,198930,10,10.11,10,63,5,138,15,1.375,10,-1,-1.69,-3.214285714,0,11
14,200321,9,11.12,1,42,3.166666667,153,41,1.375,10,-2,-0.68,11.78571429,0,15
14,222134,7,11.8,2,119,2.428571429,149,7,1.375,10,-4,0,7.785714286,0,14
14,169023,11,11.3,6,19,2.142857143,144,26,1.375,10,0,-0.5,2.785714286,0,0
14,232797,7,10.12,8,56,2,139,8,1.375,10,-4,-1.68,-2.214285714,0,21
14,224005,9,11.5,4,42,2.5,146,17,1.375,10,-2,-0.3,4.785714286,0,10
14,166330,11,11.4,5,63,4.5,145,81,1.375,10,0,-0.4,3.785714286,0,17
10,232265,7,11.9,3,23,3.625,137,8,2,10,-1,0,4.3,1,10
10,233278,6,11.9,2,13,2.166666667,137,19,2,10,-2,0,4.3,1,8
10,225303,6,10.8,10,35,2.333333333,122,19,2,10,-2,-1.1,-10.7,0,17
10,212494,8,10.13,9,44,5.125,127,13,2,10,0,-1.77,-5.7,0,14
10,221559,6,11.3,8,32,2,131,2.75,2,10,-2,-0.6,-1.7,0,11
10,231902,7,11.5,6,23,2.333333333,133,12,2,10,-1,-0.4,0.3,0,19
10,232266,7,11.7,4,111,2,135,15,2,10,-1,-0.2,2.3,0,11
10,210912,7,11.12,1,406,2.142857143,140,51,2,10,-1,-0.78,7.3,0,4
14,240581,4,10.5,14,23,3.5,107,5.5,2,10,-2,-1.4,-7.538461538,1,15
14,241476,6,11.9,5,104,3.333333333,117,7,2,10,0,0,2.461538462,1,21
14,234464,6,11.9,6,113,4.428571429,117,5.5,2,10,0,0,2.461538462,0,0
14,238834,5,11.1,4,35,3.8,118,17,2,10,-1,-0.8,3.461538462,0,15
14,234212,6,11.2,13,16,3.25,110,6,2,10,0,-0.7,-4.538461538,0,0
14,231943,6,11.5,11,33,3.375,113,9.5,2,10,0,-0.4,-1.538461538,0,14
14,249674,5,11.12,3,63,2.666666667,120,23,2,10,-1,-0.78,5.461538462,0,14
14,242651,6,11.12,1,70,1.2,120,11,2,10,0,-0.78,5.461538462,0,15
14,249977,5,11.7,8,37,3.5,115,8,2,10,-1,-0.2,0.4615384615,0,0
14,242697,6,11.5,10,128,3.333333333,113,21,2,10,0,-0.4,-1.538461538,0,12
14,242376,6,11.6,9,84,4.5,114,21,2,10,0,-0.3,-0.5384615385,0,9
14,249296,6,11.2,12,92,3.5,110,41,2,10,0,-0.7,-4.538461538,0,10
14,238120,6,11.7,7,56,4,115,151,2,10,0,-0.2,0.4615384615,0,4
8,233583,5,9.7,4,20,2.75,72,4,1,6,-2,0,2.625,1,3
8,225428,5,9.12,3,21,2.875,77,7,1,6,-2,-0.58,7.625,1,10
8,217766,6,9,6,9,3.75,65,5,1,6,-1,-0.7,-4.375,0,10
8,219518,6,9.12,2,27,2.25,77,3.5,1,6,-1,-0.58,7.625,0,3
8,220788,6,9.12,1,17,2.625,77,5.5,1,6,-1,-0.58,7.625,0,8
8,210180,7,8.6,8,10,5.75,57,26,1,6,0,-1.1,-12.375,0,4
8,250807,4,9.3,5,12,5.375,68,51,1,6,-3,-0.4,-1.375,0,100
8,251839,4,8.11,7,7,2.25,62,29,1,6,-3,-1.59,-7.375,0,4
5,238545,5,9.12,3,55,2.75,77,4.2,1.75,6,0,-1.18,1.6,1,15
5,229883,5,8.13,5,9,3.125,64,5,1.75,6,0,-2.17,-11.4,1,7
5,231080,5,10.3,1,20,3.25,82,3.75,1.75,6,0,0,6.6,0,0
5,239102,5,10.3,2,25,2.375,82,2.87,1.75,6,0,0,6.6,0,14
5,231736,5,9.7,4,9,4,72,34,1.75,6,0,-0.6,-3.4,0,10
9,216876,7,9.6,4,9,2.75,73,9,0.875,6,0,-0.3,1.777777778,1,4
9,243345,4,9.7,3,25,4.5,74,3.25,0.875,6,-3,-0.2,2.777777778,1,9
9,228043,5,9.2,7,25,3.75,69,3.5,0.875,6,-2,-0.7,-2.222222222,0,11
9,219036,6,9.2,6,22,2.125,69,8,0.875,6,-1,-0.7,-2.222222222,0,7
9,219664,6,8.12,9,10,3.625,65,23,0.875,6,-1,-1.78,-6.222222222,0,4
9,238731,4,9.9,1,19,3.625,76,11,0.875,6,-3,0,4.777777778,0,9
9,237812,4,9.8,2,7,4.375,75,9.5,0.875,6,-3,-0.1,3.777777778,0,14
9,238934,4,9.6,5,32,2.625,73,17,0.875,6,-3,-0.3,1.777777778,0,8
9,251678,4,9,8,10,4.75,67,126,0.875,6,-3,-0.9,-4.222222222,0,100
4,244151,4,9.5,3,31,4.571428571,63,2.1,2,6,-2,-0.4,3,1,11
4,223047,6,9.9,2,22,3.125,64,2.5,2,6,0,0,4,1,10
4,224225,6,8.12,4,17,4.875,53,5,2,6,0,-1.78,-7,0,14
12,213968,7,9.7,4,15,2.125,60,4.5,1,6,0,-0.2,3,1,9
12,235579,4,9.9,1,15,2.25,62,4.5,1,6,-3,0,5,1,9
12,214208,7,9.2,9,15,4.125,55,9,1,6,0,-0.7,-2,0,9
12,230043,5,8.13,11,45,4.75,52,15,1,6,-2,-1.77,-5,0,11
12,209044,7,9.4,7,9,3,57,6.5,1,6,0,-0.5,0,0,3
12,220201,6,9.6,6,18,5.25,59,34,1,6,-1,-0.3,2,0,12
12,210086,7,9.6,5,9,3.875,59,8.5,1,6,0,-0.3,2,0,7
12,236800,4,9.8,2,22,2.875,61,8,1,6,-3,-0.1,4,0,14
12,235580,4,9.2,8,32,2.375,55,11,1,6,-3,-0.7,-2,0,5
12,236927,4,8.1,12,10,2.5,49,26,1,6,-3,-1.8,-8,0,0
12,210225,7,9.2,10,142,4.875,55,34,1,6,0,-0.7,-2,0,10
12,251957,4,9.7,3,36,3.5,60,51,1,6,-3,-0.2,3,0,11
