1,3,9,251389,1,1,3,8,8,15,3,1,1,1,,2,1,1
1,3,9,251961,2,2,3,8,4,16,2,2,2,2,,2,1,1
1,3,9,252625,3,3,3,8,2,0,0,3,3,3,,11,1,1
1,3,9,252258,4,4,3,8,6,16,7,4,4,4,,101,1,1
1,3,9,251743,5,5,3,8,9,16,6,5,5,5,,34,1,1
1,3,9,248544,6,6,3,8,5,162,3,6,6,6,,11,1,1
1,3,9,250445,4,7,3,8,3,19,3,7,7,7,,81,1,1
1,3,9,251916,7,8,3,8,7,16,4,8,8,8,,201,1,1
1,3,9,250508,8,9,4,10,1,8,7,9,9,9,,151,1,1
1,4,7,238276,4,10,4,9,4,15,5,1,10,10,66,5,1,1
1,4,7,235144,8,11,4,8,7,15,4,2,11,11,62,5,1,1
1,4,7,239039,9,6,4,9,1,10,5,3,12,12,77,9,1,1
1,4,7,217628,3,12,6,9,6,15,4,4,13,13,65,8,1,1
1,4,7,246907,10,11,4,10,2,8,4,5,12,14,72,3,1,1
1,4,7,228917,11,13,5,10,3,45,4,6,14,15,71,19,1,1
1,4,8,217523,4,12,6,10,1,6,3,1,15,16,76,4,1,1
1,4,8,240309,7,14,5,10,2,19,4,2,16,17,76,4,1,1
1,4,8,71807,12,15,10,9,8,14,5,3,3,3,62,15,1,1
1,4,8,208795,13,12,7,10,3,19,3,4,3,3,76,6,1,1
1,4,8,227587,8,12,5,10,4,28,3,5,16,18,74,6,1,1
1,4,8,227088,14,16,6,9,5,13,5,6,17,19,67,17,1,1
1,4,8,218954,15,17,6,9,6,30,3,7,16,20,67,11,1,1
1,4,8,76864,16,18,10,8,7,17,6,8,3,3,65,17,1,1
1,4,4,232099,3,7,5,9,3,82,2,1,18,21,,3,1,1
1,4,4,236235,17,19,5,9,2,42,3,2,2,22,,5,1,1
1,4,4,212017,18,15,7,9,1,223,3,3,19,23,,10,1,1
1,4,4,235520,2,20,5,9,4,166,3,4,20,24,,3,1,1
1,4,11,234631,15,17,5,9,11,15,5,1,21,25,,4,1,1
1,4,11,236365,4,4,6,9,6,14,3,2,22,26,,3,1,1
1,4,11,237351,19,21,4,9,10,14,5,3,4,27,,23,1,1
1,4,11,242950,20,22,4,9,3,12,5,4,20,28,,8,1,1
1,4,11,231769,21,12,7,9,2,376,4,5,23,29,,41,1,1
1,4,11,227515,17,23,5,9,9,165,4,6,24,30,,21,1,1
1,4,11,239821,22,24,4,9,4,12,4,7,25,31,,19,1,1
1,4,11,235962,23,3,4,9,5,6,6,8,26,32,,17,1,1
1,4,11,237310,13,25,4,9,7,41,3,9,27,33,,29,1,1
1,4,11,243160,16,12,4,9,1,13,5,10,28,34,,8,1,1
1,4,11,219374,5,26,8,9,8,40,5,11,29,35,,23,1,1
1,4,9,231398,4,27,5,9,6,121,4,1,30,36,82,6,1,1
1,4,9,239980,3,3,4,10,3,19,3,2,31,37,84,3,1,1
1,4,9,217205,18,18,6,8,7,5,4,3,16,38,77,8,1,1
1,4,9,239170,24,6,4,10,5,46,4,4,32,39,84,11,1,1
1,4,9,242709,2,6,4,10,1,170,2,5,33,40,85,7,1,1
1,4,9,242312,1,1,4,10,2,12,3,6,34,41,85,9,1,1
1,4,9,236051,25,15,4,8,8,145,4,7,35,42,74,9,1,1
1,4,9,209139,26,28,7,9,9,14,3,8,3,3,70,26,1,1
1,4,9,124226,14,17,10,10,4,19,5,9,3,3,84,51,1,1
1,3,11,250033,2,6,3,9,4,33,5,1,36,43,57,2,1,1
1,3,11,247611,27,17,3,8,6,18,5,2,37,44,51,9,1,1
1,3,11,250012,7,21,3,9,8,26,7,3,38,45,47,10,1,1
1,3,11,250521,18,12,3,9,5,16,5,4,39,46,54,21,1,1
1,3,11,251364,26,28,3,9,10,33,4,5,40,47,46,51,1,1
1,3,11,251585,24,6,3,10,1,20,7,6,41,48,60,12,1,1
1,3,11,244312,19,29,3,10,2,16,4,7,42,49,60,6,1,1
1,3,11,251640,20,30,3,9,11,15,5,8,37,50,46,101,1,1
1,3,11,246815,23,3,3,10,3,13,5,9,43,51,58,12,1,1
1,3,11,244498,28,12,3,9,9,38,6,10,44,52,46,19,1,1
1,3,11,247295,4,9,3,9,7,19,5,11,45,53,47,34,1,1
2,5,15,198313,29,31,10,12,1,24,4,1,46,54,,2,3,2
2,5,15,234723,30,32,6,12,7,68,2,2,47,55,,8,3,2
2,5,15,239405,31,33,6,12,9,11,4,3,48,56,,5,3,2
2,5,15,219624,32,34,9,12,13,28,5,4,49,57,,19,3,2
2,5,15,250243,33,35,10,12,11,11,3,5,50,58,,12,3,2
2,5,15,248630,34,36,7,12,2,126,2,20,51,59,,301,3,2
2,5,15,250240,35,37,7,12,8,114,0,20,52,60,,201,3,2
2,5,15,225085,36,38,8,12,3,68,2,20,49,61,,126,3,2
2,5,15,235547,37,39,8,12,14,355,5,20,53,62,,51,3,2
2,5,15,235077,38,40,6,12,4,110,2,20,51,63,,67,3,2
2,5,15,235109,39,25,9,12,10,50,6,20,49,64,,51,3,2
2,5,15,222445,40,36,8,12,5,100,5,20,54,65,,81,3,2
2,5,15,241291,41,38,7,12,6,7,8,20,55,66,,21,3,2
2,5,15,214912,42,41,9,12,12,68,4,20,56,67,,51,3,2
2,5,14,173094,43,20,11,12,10,65,1,1,3,3,,17,3,2
2,5,14,235078,44,42,6,12,1,51,5,2,57,68,,2,3,2
2,5,14,241808,45,43,6,12,2,24,5,3,58,69,,17,3,2
2,5,14,249418,30,32,7,12,7,11,3,4,59,70,,67,3,2
2,5,14,223775,46,44,8,12,3,24,4,5,60,71,,5,3,2
2,5,14,235834,36,38,6,12,8,47,2,6,61,72,,21,3,2
2,5,14,232571,18,45,8,12,6,35,3,7,62,73,,81,3,2
2,5,14,231365,31,29,5,12,13,62,5,8,63,74,,67,3,2
2,5,14,234203,42,46,6,12,5,93,4,9,64,75,,34,3,2
2,5,14,231731,41,38,5,12,14,17,5,20,65,76,,9,3,2
2,5,14,232488,47,47,6,12,9,50,3,20,66,77,,9,3,2
2,5,14,236912,48,48,6,12,4,11,5,20,67,78,,101,3,2
2,5,14,243263,49,41,5,12,12,35,3,20,68,79,,34,3,2
2,5,17,233451,50,49,7,11,3,46,4,1,49,80,101,5,3,2
2,5,17,207548,51,50,10,11,8,44,3,2,69,81,99,11,3,2
2,5,17,170547,52,51,12,10,14,24,6,3,3,3,74,8,3,2
2,5,17,232084,53,35,7,11,6,44,3,4,70,82,99,4,3,2
2,5,17,216381,54,52,8,12,15,145,4,5,71,83,94,8,3,2
2,5,17,135488,55,53,12,11,5,68,9,20,3,3,99,101,3,2
2,5,17,205462,56,37,10,10,11,46,2,20,72,84,87,34,3,2
2,5,17,216294,36,5,8,12,1,45,6,20,8,85,102,13,3,2
2,5,17,232956,57,54,9,10,12,17,3,20,73,86,84,51,3,2
2,5,17,225372,31,55,7,11,7,62,5,20,68,87,99,7,3,2
2,5,17,136678,18,56,13,12,2,7,2,20,3,3,102,101,3,2
2,5,17,162986,58,57,13,11,13,62,4,20,3,3,82,29,3,2
2,5,17,142682,37,58,12,11,9,83,4,20,3,3,98,19,3,2
2,5,17,212619,59,59,9,11,4,32,4,20,74,88,101,51,3,2
2,5,13,209906,32,48,9,10,10,28,3,1,3,3,84,29,2,2
2,5,13,215938,60,37,8,9,13,68,5,2,75,89,82,51,2,2
2,5,13,237888,31,55,8,9,11,24,4,3,76,90,82,26,2,2
2,5,13,234887,36,12,6,11,1,60,6,4,77,91,108,17,2,2
2,5,13,232968,61,44,7,12,3,17,3,5,78,92,105,6,2,2
2,5,13,250358,49,23,7,10,9,17,5,6,79,93,85,6,2,2
2,5,13,209345,42,60,9,12,2,74,4,7,3,3,106,15,2,2
2,5,13,210005,62,61,13,10,7,44,4,20,80,94,87,11,2,2
2,5,13,215286,63,62,8,10,8,17,5,20,81,95,87,11,2,2
2,5,13,70586,18,45,12,12,4,66,3,20,3,3,104,3,2,2
2,5,13,231719,64,23,7,11,5,17,3,20,71,96,102,11,2,2
2,5,13,63250,38,42,12,11,6,45,4,20,3,3,98,26,2,2
2,5,13,201357,31,29,12,9,12,7,4,20,82,97,82,13,2,2
2,5,14,231890,32,34,8,11,8,28,5,1,61,98,92,8,3,2
2,5,14,233961,53,52,7,12,1,34,4,2,71,99,102,4,3,2
2,5,14,224071,31,63,8,11,3,11,8,3,83,100,98,19,3,2
2,5,14,243283,65,61,8,12,6,24,5,4,84,101,93,10,3,2
2,5,14,224809,30,64,8,10,12,354,4,5,82,102,84,13,3,2
2,5,14,205459,66,65,10,12,7,11,5,6,50,103,93,29,3,2
2,5,14,222412,67,37,9,10,11,28,4,7,85,104,84,17,3,2
2,5,14,220402,68,66,10,10,10,24,4,20,55,105,85,81,3,2
2,5,14,225125,36,5,9,12,5,5,2,20,62,106,97,5,3,2
2,5,14,205214,61,44,10,11,2,34,4,20,49,107,101,10,3,2
2,5,14,169228,69,67,13,11,13,24,4,20,3,3,81,12,3,2
2,5,14,214914,39,12,11,11,9,28,5,20,86,108,88,34,3,2
2,5,14,222283,70,44,10,11,4,24,5,20,76,109,98,19,3,2
2,5,14,235608,71,68,9,12,1,347,6,1,87,110,,9,3,2
2,5,14,233974,72,69,7,12,8,44,5,2,49,111,,2,3,2
2,5,14,252327,73,12,6,12,11,0,0,3,88,112,,19,3,2
2,5,14,216367,74,13,8,12,7,114,4,4,89,113,,41,3,2
2,5,14,252634,75,70,7,12,2,0,0,5,3,3,,29,3,2
2,5,14,252638,76,71,5,11,14,0,0,6,3,3,,34,3,2
2,5,14,252637,77,72,9,12,13,0,0,7,3,3,,41,3,2
2,5,14,251809,78,73,6,12,3,0,0,8,90,114,,6,3,2
2,5,14,252636,59,74,5,11,10,0,0,9,3,3,,12,3,2
2,5,14,238170,79,75,8,12,12,7,8,10,91,115,,251,3,2
2,5,14,215336,80,76,9,12,9,793,0,20,92,116,,201,3,2
2,5,14,252635,81,77,6,12,4,0,0,20,3,3,,67,3,2
2,5,14,217750,82,37,8,12,5,378,2,20,83,117,,126,3,2
2,5,14,231020,83,33,7,12,6,18,4,20,51,118,,29,3,2
3,4,16,236005,84,78,6,11,9,64,6,1,93,119,,4,2,3
3,4,16,249430,85,79,5,12,1,50,2,2,94,120,,4,2,3
3,4,16,235260,86,21,4,11,14,45,0,3,16,121,,67,2,3
3,4,16,234044,22,80,5,11,4,8,7,4,63,122,,201,2,3
3,4,16,250043,87,81,5,12,2,92,2,5,47,123,,2,2,3
3,4,16,250938,88,82,5,11,3,14,7,6,9,124,,67,2,3
3,4,16,241506,26,83,6,11,11,17,4,7,95,125,,201,2,3
3,4,16,252381,89,84,5,11,12,10,0,8,3,3,,251,2,3
3,4,16,251617,90,85,4,11,15,23,0,9,51,126,,251,2,3
3,4,16,250103,4,86,6,11,13,11,5,10,96,127,,101,2,3
3,4,16,249431,4,87,5,11,7,100,5,11,97,128,,17,2,3
3,4,16,237274,18,21,4,10,16,31,3,12,98,129,,201,2,3
3,4,16,250225,91,88,5,11,6,92,5,13,99,130,,41,2,3
3,4,16,252626,92,89,5,11,10,0,0,14,3,3,,81,2,3
3,4,16,250880,93,78,5,11,5,18,0,15,100,131,,251,2,3
3,4,16,250317,1,25,5,11,8,112,8,20,101,132,,126,2,3
3,5,5,217818,85,90,9,11,5,28,2,1,83,133,128,4,3,3
3,5,5,232479,94,91,6,12,2,23,4,2,102,134,135,5,3,3
3,5,5,232398,95,92,7,12,1,26,3,3,103,135,137,4,3,3
3,5,5,222801,96,9,8,11,4,38,2,4,104,136,130,4,3,3
3,5,5,214282,92,93,8,12,3,21,3,20,105,137,135,7,3,3
3,4,10,236063,91,94,6,11,2,96,3,1,49,138,120,7,3,3
3,4,10,223124,97,95,7,11,1,15,4,2,87,139,120,8,3,3
3,4,10,225103,98,96,7,11,7,52,4,3,106,140,110,10,3,3
3,4,10,230316,99,97,8,10,9,42,6,4,91,141,106,7,3,3
3,4,10,223130,18,98,7,10,8,42,3,5,54,142,107,6,3,3
3,4,10,239878,100,99,8,12,3,93,3,6,107,143,117,11,3,3
3,4,10,241884,26,83,6,10,10,7,5,7,9,144,105,26,3,3
3,4,10,231850,87,100,8,12,5,21,5,8,108,145,115,8,3,3
3,4,10,221663,101,101,8,12,4,52,4,20,51,146,116,5,3,3
3,5,8,198641,100,98,10,10,8,28,3,1,109,147,125,8,3,3
3,5,8,223679,85,88,8,11,4,54,4,2,96,148,131,5,3,3
3,5,8,216634,102,86,9,11,6,26,4,3,110,149,128,5,3,3
3,5,8,221691,88,82,8,11,5,42,4,4,71,150,129,10,3,3
3,5,8,209967,22,82,10,10,7,14,4,5,82,151,127,21,3,3
3,5,8,222925,4,87,10,11,2,68,5,20,71,152,140,8,3,3
3,5,8,232544,84,91,7,12,3,26,2,20,96,153,135,4,3,3
3,5,8,232847,94,91,12,12,1,61,3,20,111,154,142,12,3,3
3,4,9,248933,100,99,6,10,7,82,5,1,51,155,112,7,3,3
3,4,9,242298,101,102,6,11,9,77,5,2,85,156,107,7,3,3
3,4,9,248756,92,93,5,11,2,43,2,3,19,157,127,3,3,3
3,4,9,240534,1,103,6,11,5,43,6,4,112,158,116,10,3,3
3,4,9,225731,89,104,7,10,6,68,2,5,68,159,113,21,3,3
3,4,9,243104,91,94,5,11,4,21,3,6,48,160,126,6,3,3
3,4,9,238831,85,88,7,11,1,33,3,7,52,161,128,15,3,3
3,4,9,233898,103,105,7,11,8,47,4,8,68,162,110,8,3,3
3,4,18,229025,104,2,5,10,18,34,4,1,77,163,81,5,2,3
3,4,18,224290,105,106,9,12,7,68,4,2,107,164,101,11,2,3
3,4,18,242458,106,99,6,11,2,44,4,3,113,165,104,10,2,3
3,4,18,230324,107,107,5,11,13,47,6,4,114,166,93,8,2,3
3,4,18,226943,108,108,5,11,3,111,3,5,114,167,104,7,2,3
3,4,18,155553,26,1,9,11,11,93,8,6,3,3,94,23,2,3
3,4,18,212827,109,109,7,12,6,28,7,7,21,168,102,29,2,3
3,4,18,226482,102,107,6,11,16,23,5,8,115,169,85,21,2,3
3,4,18,241474,110,91,6,11,4,42,6,9,112,170,104,11,2,3
3,4,18,241075,111,105,7,11,14,47,5,10,104,136,87,26,2,3
3,4,18,236557,23,86,7,12,9,15,3,11,107,171,100,10,2,3
3,4,18,233441,112,110,6,11,1,86,5,12,9,172,105,9,2,3
3,4,18,242456,113,88,6,11,5,35,6,13,116,173,103,29,2,3
3,4,18,249008,114,86,5,12,8,17,4,14,51,174,100,41,2,3
3,4,18,249771,115,83,5,11,12,50,6,15,117,175,93,26,2,3
3,4,18,219335,116,111,6,11,15,17,3,20,118,176,86,29,2,3
3,4,18,227005,117,103,6,10,17,83,7,20,43,177,82,51,2,3
3,5,16,231352,88,112,8,11,14,366,4,1,107,178,,4,3,3
3,5,16,122802,118,23,11,11,7,12,3,2,3,3,,15,3,3
3,5,16,68886,100,39,13,12,1,650,2,3,3,3,,19,3,3
3,5,16,74333,105,113,10,11,11,568,4,4,3,3,,10,3,3
3,5,16,234825,112,110,8,12,2,8,3,5,87,179,,3,3,3
3,5,16,251846,119,114,8,11,16,42,3,6,52,180,,4,3,3
3,5,16,191745,120,113,11,11,15,102,4,7,113,181,,13,3,3
3,5,16,217440,93,115,12,11,9,28,6,8,119,182,,81,3,3
3,5,16,170440,101,116,10,11,12,12,3,20,3,3,,34,3,3
3,5,16,251844,18,117,9,11,13,14,5,20,79,183,,34,3,3
3,5,16,223901,22,118,8,11,8,14,4,20,106,184,,126,3,3
3,5,16,209424,102,119,9,11,4,9,4,20,3,3,,201,3,3
3,5,16,221860,121,120,7,11,5,14,5,20,120,185,,251,3,3
4,3,9,247765,122,121,3,9,8,19,4,1,121,186,54,11,1,1
4,3,9,245551,123,6,3,9,4,28,7,2,16,187,57,9,1,1
4,3,9,245814,124,12,3,10,1,26,3,3,39,188,61,7,1,1
4,3,9,251079,121,13,3,9,6,18,4,4,43,189,55,8,1,1
4,3,9,245314,125,30,3,9,7,8,3,5,122,190,55,4,1,1
4,3,9,246872,22,13,3,10,2,161,6,6,123,191,60,3,1,1
4,3,9,245989,126,27,3,9,5,22,5,7,124,192,57,17,1,1
4,3,9,248640,127,122,3,8,9,65,4,8,41,193,49,101,1,1
4,3,12,249262,128,123,3,9,5,140,1,1,125,194,,2,1,1
4,3,12,246386,129,124,3,8,7,228,0,2,16,195,,4,1,1
4,3,12,248345,130,125,3,9,6,18,4,3,126,196,,29,1,1
4,3,12,249935,131,10,3,9,11,122,8,4,127,197,,10,1,1
4,3,12,252627,29,88,3,8,9,0,0,5,3,3,,51,1,1
4,3,12,249223,117,126,3,8,10,129,6,6,128,198,,7,1,1
4,3,12,216565,132,127,8,10,4,9,6,7,37,199,,201,1,1
4,3,12,233731,133,128,6,10,2,16,3,8,129,200,,9,1,1
4,3,12,251925,134,88,3,8,8,36,9,9,130,201,,101,1,1
4,3,12,248708,17,14,3,9,12,19,6,10,131,202,,201,1,1
4,3,12,251827,90,128,4,10,3,16,4,11,8,203,,34,1,1
4,4,8,236506,131,19,4,9,3,62,3,1,123,204,91,5,1,1
4,4,8,225618,129,11,6,8,6,7,2,2,65,205,86,2,1,1
4,4,8,218731,36,6,6,9,4,12,2,3,132,206,91,8,1,1
4,4,8,207682,23,17,7,8,2,8,4,4,133,207,94,26,1,1
4,4,8,152845,135,7,9,8,7,7,4,5,3,3,86,19,1,1
4,4,8,236264,128,129,5,9,5,35,3,6,134,208,90,7,1,1
4,4,8,155418,136,7,9,8,8,142,4,7,3,3,86,81,1,1
4,4,8,208258,137,13,7,10,1,42,4,8,3,3,105,11,1,1
4,4,8,237308,138,12,4,10,5,37,2,1,123,209,68,7,1,1
4,4,8,233815,139,130,5,10,6,183,3,2,135,210,68,6,1,1
4,4,8,228367,123,16,5,10,1,13,4,3,136,211,72,7,1,1
4,4,8,216934,121,131,6,9,7,7,3,4,137,212,67,6,1,1
4,4,8,236729,128,12,4,10,3,8,4,5,41,213,70,6,1,1
4,4,8,171512,140,132,8,10,4,14,3,6,3,3,69,4,1,1
4,4,8,236805,125,133,4,10,2,16,5,7,123,214,71,12,1,1
4,4,8,238231,141,12,4,8,8,11,4,8,39,215,52,201,1,1
4,4,11,237413,117,134,5,9,8,7,2,1,138,216,49,4,1,1
4,4,11,229849,90,13,5,9,1,17,3,2,31,217,56,4,1,1
4,4,11,145050,20,135,9,10,5,8,4,3,3,3,51,11,1,1
4,4,11,216597,142,135,6,10,6,8,4,4,39,218,51,8,1,1
4,4,11,228278,129,136,5,10,3,20,5,5,139,219,52,4,1,1
4,4,11,225834,136,137,6,8,11,57,6,6,140,220,45,67,1,1
4,4,11,176405,143,13,8,8,9,7,5,7,3,3,45,29,1,1
4,4,11,218311,144,26,6,8,10,8,6,8,141,211,45,13,1,1
4,4,11,236093,125,138,4,9,7,7,7,9,124,221,49,34,1,1
4,4,11,251589,17,139,4,10,2,17,5,10,37,222,53,17,1,1
4,4,4,239872,128,123,4,9,4,27,5,1,39,223,70,8,2,1
4,4,4,232074,145,140,5,10,2,13,5,2,142,224,73,1,2,1
4,4,4,75669,129,141,10,10,3,37,6,3,3,3,72,7,2,1
4,4,4,237015,146,142,5,9,1,110,2,4,143,225,77,26,2,1
4,4,11,219174,23,143,6,10,3,24,4,1,41,226,53,3,2,1
4,4,11,244183,128,88,4,8,11,68,6,2,69,227,47,4,2,1
4,4,11,221514,145,144,6,9,5,8,5,3,144,228,52,26,2,1
4,4,11,189745,131,47,8,10,2,18,3,4,145,229,53,4,2,1
4,4,11,245106,132,6,4,9,7,12,6,5,1,230,53,6,2,1
4,4,11,229873,146,25,8,9,6,32,5,6,10,231,51,29,2,1
4,4,11,234046,17,145,5,8,8,5,3,7,144,232,46,26,2,1
4,4,11,197965,147,88,8,9,4,44,5,8,21,233,52,21,2,1
4,4,11,224329,143,146,7,10,1,21,4,9,120,234,55,41,2,1
4,4,11,232749,26,147,5,8,9,142,7,10,45,235,46,81,2,1
4,4,11,219606,148,148,6,8,10,911,0,11,146,236,46,126,2,1
5,4,14,241709,121,32,6,11,12,21,3,1,91,237,,3,1,4
5,4,14,241254,149,86,6,11,5,97,4,2,96,238,,6,1,4
5,4,14,213014,150,94,7,11,6,65,6,3,147,239,,3,1,4
5,4,14,252628,102,149,5,11,7,0,0,4,3,3,,51,1,4
5,4,14,249103,151,150,5,11,3,21,3,5,112,240,,17,1,4
5,4,14,233075,152,100,7,12,1,21,2,6,148,241,,5,1,4
5,4,14,250703,153,151,6,11,2,13,6,7,149,242,,301,1,4
5,4,14,250985,111,32,5,11,9,54,4,8,61,243,,51,1,4
5,4,14,251615,4,88,6,11,13,55,7,9,76,244,,126,1,4
5,4,14,242670,121,152,6,11,11,30,6,20,48,245,,12,1,4
5,4,14,251653,154,153,6,11,8,12,3,20,54,246,,301,1,4
5,4,14,252629,136,154,5,10,14,0,0,20,3,3,,301,1,4
5,4,14,233010,26,139,7,11,10,656,3,20,96,247,,251,1,4
5,4,8,218787,61,79,6,11,5,31,3,1,150,248,,12,1,4
5,4,8,161084,155,155,9,11,2,13,4,2,3,3,,3,1,4
5,4,8,213391,156,88,10,11,6,53,5,3,151,249,,4,1,4
5,4,8,238358,102,13,5,11,1,12,3,4,152,250,,3,1,4
5,4,8,179071,157,156,9,12,3,13,4,5,3,3,,29,1,4
5,4,8,250853,158,157,4,11,8,13,0,6,153,251,,51,1,4
5,4,8,225349,26,147,7,11,4,587,2,20,154,252,,151,1,4
5,4,8,207307,137,158,8,11,7,28,6,20,7,253,,301,1,4
5,5,9,224790,18,99,7,12,6,98,5,1,95,254,108,7,3,4
5,5,9,212674,159,95,8,12,4,12,4,2,155,255,108,4,3,4
5,5,9,212202,160,107,9,12,2,599,4,3,91,256,110,10,3,4
5,5,9,212837,137,93,11,12,5,98,4,4,79,257,108,4,3,4
5,5,9,234741,151,100,6,11,7,25,4,5,67,258,107,5,3,4
5,5,9,202035,121,150,11,12,3,27,4,6,156,259,109,15,3,4
5,5,9,228191,161,88,8,11,8,36,2,7,112,260,106,23,3,4
5,5,9,178350,162,6,11,11,9,31,5,8,3,3,103,41,3,4
5,5,9,218471,163,108,9,12,1,112,5,9,157,261,110,15,3,4
5,4,17,230306,158,157,5,11,1,23,6,1,158,262,100,17,1,4
5,4,17,241626,121,150,7,12,4,86,5,2,159,263,98,41,1,4
5,4,17,212921,164,159,9,12,3,40,3,3,148,264,98,7,1,4
5,4,17,200981,165,160,10,12,6,40,4,4,160,265,97,10,1,4
5,4,17,242005,155,155,6,11,14,21,5,5,161,266,92,34,1,4
5,4,17,231144,163,108,7,11,2,15,5,6,112,267,100,13,1,4
5,4,17,198172,166,161,10,11,15,9,4,7,162,268,90,5,1,4
5,4,17,211345,157,156,7,12,7,49,3,8,163,269,96,17,1,4
5,4,17,220209,156,25,6,12,10,50,4,9,164,270,96,21,1,4
5,4,17,249100,153,162,5,12,11,44,1,10,165,271,94,81,1,4
5,4,17,249835,121,152,6,12,5,10,4,20,117,272,98,3,1,4
5,4,17,128076,167,162,11,11,16,104,4,20,3,3,89,67,1,4
5,4,17,228249,136,163,7,11,17,79,6,20,68,273,89,126,1,4
5,4,17,241797,18,93,6,11,12,95,5,20,113,274,93,7,1,4
5,4,17,231341,136,127,8,11,13,698,2,20,166,275,93,51,1,4
5,4,17,251071,93,25,5,12,8,42,7,20,167,276,96,151,1,4
5,4,14,224347,152,100,8,12,1,44,5,1,91,277,112,6,3,4
5,4,14,136615,153,162,10,11,10,59,5,2,3,3,101,41,3,4
5,4,14,240074,161,88,6,12,7,52,3,3,51,162,103,5,3,4
5,4,14,241478,136,154,6,10,14,40,6,4,67,278,84,67,3,4
5,4,14,217437,168,6,10,11,12,405,5,5,160,279,97,21,3,4
5,4,14,225724,169,127,8,11,4,511,3,6,113,280,108,15,3,4
5,4,14,247426,150,94,6,11,3,59,5,7,75,281,109,26,3,4
5,4,14,233309,155,127,8,12,9,82,4,8,54,282,102,4,3,4
5,4,14,225767,170,139,7,11,6,14,3,9,108,283,107,67,3,4
5,4,14,225425,171,160,8,12,8,72,3,10,168,284,102,17,3,4
5,4,14,202011,166,164,11,11,2,17,2,11,169,285,109,11,3,4
5,4,14,231342,136,165,8,11,13,91,5,12,8,286,92,15,3,4
5,4,14,218838,172,89,10,11,5,688,2,20,169,287,107,21,3,4
5,4,14,185220,173,164,9,11,11,12,4,20,170,288,99,34,3,4
5,5,5,235790,149,86,7,11,5,98,5,1,171,289,108,4,3,4
5,5,5,216923,159,155,8,11,2,72,4,2,172,290,118,5,3,4
5,5,5,214785,163,101,9,12,3,40,4,3,106,56,116,4,3,4
5,5,5,215877,61,88,8,12,1,30,5,4,47,291,122,3,3,4
5,46,11,247968,18,99,5,12,1,105,2,1,173,292,,4,2,4
5,46,11,252630,174,127,5,11,2,0,0,2,3,3,,15,2,4
5,46,11,250514,169,127,4,10,9,40,1,3,9,293,,2,2,4
5,46,11,252632,121,32,5,11,8,0,0,4,3,3,,6,2,4
5,46,11,251206,175,81,5,11,5,81,2,5,46,294,,7,2,4
5,46,11,251816,152,100,6,11,6,21,5,6,95,295,,15,2,4
5,46,11,252631,136,166,6,11,4,0,0,7,3,3,,51,2,4
5,46,11,252633,158,157,5,11,11,0,0,8,3,3,,41,2,4
5,46,11,250707,1,167,5,11,7,99,0,9,174,172,,401,2,4
5,46,11,243144,93,168,5,11,3,90,0,10,175,296,,401,2,4
6,4,7,232154,176,169,5,9,2,16,4,1,176,297,99,6,1,5
6,4,7,218851,18,18,6,9,4,4,3,2,101,298,92,3,1,5
6,4,7,240218,177,133,4,9,7,154,3,3,11,299,89,4,1,5
6,4,7,222225,27,17,6,9,5,16,3,4,11,300,90,9,1,5
6,4,7,221993,4,109,6,9,6,42,0,5,142,301,90,81,1,5
6,4,7,229018,8,123,5,10,1,16,3,6,177,302,105,6,1,5
6,4,7,239996,129,20,4,8,3,109,3,7,39,303,96,9,1,5
6,4,12,248121,4,170,4,9,9,11,4,1,178,304,,3,1,5
6,4,12,217555,19,171,6,9,11,139,6,2,24,305,,13,1,5
6,4,12,236719,17,172,4,9,2,14,5,3,141,306,,8,1,5
6,4,12,70091,5,173,10,9,5,31,5,4,3,3,,21,1,5
6,4,12,181084,178,2,8,9,1,6,6,5,3,3,,8,1,5
6,4,12,229191,129,174,5,9,8,32,9,6,179,307,,23,1,5
6,4,12,246836,22,175,4,9,3,12,6,7,180,308,,7,1,5
6,4,12,160098,179,86,9,9,7,14,4,8,3,3,,23,1,5
6,4,12,237964,28,176,4,9,4,17,8,9,14,309,,67,1,5
6,4,12,239411,18,13,4,9,12,11,4,10,98,310,,5,1,5
6,4,12,227458,17,141,5,9,10,14,6,11,121,311,,101,1,5
6,4,12,235143,23,177,4,9,6,37,6,12,27,312,,19,1,5
6,4,12,247009,129,178,5,9,5,37,5,1,181,313,,3,1,5
6,4,12,176418,22,179,9,9,9,56,3,2,3,3,,23,1,5
6,4,12,240415,180,180,4,9,11,6,4,3,123,314,,15,1,5
6,4,12,209126,4,13,7,9,10,24,3,4,3,3,,10,1,5
6,4,12,220301,18,173,6,9,4,11,2,5,136,315,,5,1,5
6,4,12,238977,177,171,4,9,3,199,4,6,25,316,,26,1,5
6,4,12,234862,22,141,4,9,2,14,5,7,182,317,,41,1,5
6,4,12,246024,7,181,4,9,6,14,4,8,183,318,,9,1,5
6,4,12,244389,178,98,4,9,1,14,5,9,184,319,,6,1,5
6,4,12,242838,181,138,5,9,12,56,3,10,121,320,,23,1,5
6,4,12,177626,130,2,8,9,7,7,4,11,3,3,,34,1,5
6,4,12,240706,182,7,4,9,8,46,2,12,185,321,,301,1,5
6,3,14,252040,129,19,3,10,3,28,4,1,186,322,,5,1,5
6,3,14,252613,18,182,3,9,14,0,0,2,3,3,,10,1,5
6,3,14,252610,6,6,3,10,7,0,0,3,3,3,,15,1,5
6,3,14,252041,177,183,3,10,6,28,3,4,187,323,,7,1,5
6,3,14,248704,17,180,3,10,4,128,5,5,188,324,,81,1,5
6,3,14,252612,4,10,3,9,9,0,0,6,3,3,,34,1,5
6,3,14,252608,3,7,3,10,1,0,0,7,3,3,,4,1,5
6,3,14,250492,7,184,3,10,5,0,0,8,186,325,,126,1,5
6,3,14,252609,2,2,3,10,2,0,0,9,3,3,,3,1,5
6,3,14,251742,5,18,3,9,11,46,6,10,33,326,,67,1,5
6,3,14,252275,17,7,3,9,10,14,4,11,189,327,,51,1,5
6,3,14,252611,23,12,3,10,8,0,0,12,3,3,,81,1,5
6,3,14,252043,5,13,3,9,13,28,0,13,190,328,,151,1,5
6,3,14,251918,19,173,3,9,12,36,0,14,180,329,,301,1,5
6,3,7,246926,129,2,3,10,5,32,2,1,142,330,,1,1,5
6,3,7,252355,181,138,3,10,7,11,4,2,44,331,,201,1,5
6,3,7,247902,2,10,3,10,6,47,1,3,42,332,,4,1,5
6,3,7,247309,3,141,3,10,4,9,3,4,191,333,,126,1,5
6,3,7,250726,177,20,3,10,2,55,4,5,192,334,,23,1,5
6,3,7,247393,18,15,3,10,1,11,5,6,6,335,,10,1,5
6,4,8,211835,129,178,7,9,7,28,5,1,193,336,73,15,1,5
6,4,8,221836,130,185,7,9,6,33,3,2,194,337,74,15,1,5
6,4,8,205440,3,3,7,10,2,13,4,3,41,338,78,5,1,5
6,4,8,238640,18,123,4,9,4,18,5,4,136,339,75,6,1,5
6,4,8,237640,23,177,4,10,3,144,3,5,41,340,77,17,1,5
6,4,8,225393,4,186,5,9,5,18,4,6,20,341,74,19,1,5
6,4,8,238538,159,13,4,9,1,27,3,7,17,342,81,4,1,5
6,4,8,226727,125,138,5,9,8,7,4,8,19,343,71,4,1,5
6,4,12,181980,129,178,8,9,8,13,6,1,3,3,61,9,1,5
6,4,12,226853,117,187,5,10,2,72,2,2,195,344,65,4,1,5
6,4,12,217824,5,188,6,8,12,41,4,3,136,345,57,17,1,5
6,4,12,185723,183,189,8,9,7,14,3,4,196,346,61,6,1,5
6,4,12,236836,27,190,4,9,1,4,2,5,197,347,68,3,1,5
6,4,12,157085,18,2,9,10,3,37,3,6,3,3,64,11,1,5
6,4,12,232020,4,12,5,10,6,13,4,7,136,348,63,29,1,5
6,4,12,248747,130,141,4,10,4,25,2,8,198,349,64,81,1,5
6,4,12,229300,184,15,5,9,9,13,3,9,199,350,60,23,1,5
6,4,12,204815,125,9,7,9,10,167,4,10,200,351,59,51,1,5
6,4,12,209599,135,12,9,10,5,12,3,11,3,3,64,15,1,5
6,4,12,181809,179,191,8,9,11,13,5,12,3,3,58,41,1,5
6,4,14,230862,18,173,6,9,12,12,3,1,2,352,58,12,1,5
6,4,14,230011,177,178,7,10,7,32,4,2,201,353,63,17,1,5
6,4,14,228303,28,12,5,9,4,7,4,3,192,354,65,8,1,5
6,4,14,239374,129,94,4,10,9,25,3,4,135,355,62,4,1,5
6,4,14,233941,3,142,5,9,2,25,4,5,202,356,67,41,1,5
6,4,14,230693,185,169,5,9,11,9,6,6,203,357,58,6,1,5
6,4,14,235136,180,192,5,9,10,50,5,7,204,358,59,26,1,5
6,4,14,237864,186,178,5,9,5,22,4,8,205,359,65,8,1,5
6,4,14,244494,130,11,4,10,8,17,4,9,206,360,63,8,1,5
6,4,14,236036,27,12,5,9,13,96,5,10,12,361,57,19,1,5
6,4,14,238365,159,13,4,10,6,18,5,11,7,362,65,21,1,5
6,4,14,238290,187,10,5,9,1,18,6,12,207,363,67,41,1,5
6,4,14,211074,17,193,7,9,3,33,2,13,208,364,67,29,1,5
7,4,14,240521,15,17,4,10,3,26,3,1,18,365,65,2,1,1
7,4,14,229767,188,151,5,8,13,27,4,2,36,366,57,7,1,1
7,4,14,239020,131,3,4,9,8,26,4,3,209,367,59,12,1,1
7,4,14,228203,36,6,5,9,10,23,5,4,202,368,58,17,1,1
7,4,14,237540,128,12,4,9,5,46,4,5,135,369,62,21,1,1
7,4,14,239044,26,124,4,10,1,35,5,6,210,370,65,5,1,1
7,4,14,220265,140,12,6,8,11,53,6,7,211,371,57,34,1,1
7,4,14,219359,20,194,6,8,14,25,5,8,127,372,55,81,1,1
7,4,14,236462,26,195,4,10,4,37,5,9,212,373,65,26,1,1
7,4,14,246841,1,189,4,10,2,146,4,10,187,374,65,51,1,1
7,4,14,241666,189,196,4,8,12,11,4,11,10,375,57,101,1,1
7,4,14,246334,24,197,4,9,7,18,5,12,16,376,60,126,1,1
7,4,14,211154,190,141,7,9,9,38,2,13,184,377,59,9,1,1
7,4,14,237377,13,25,4,9,1,11,4,1,137,378,,7,1,1
7,4,14,209632,128,12,7,9,4,11,4,2,3,3,,4,1,1
7,4,14,200781,1,12,8,9,10,11,3,3,213,379,,7,1,1
7,4,14,224395,131,138,6,9,14,32,5,4,24,380,,23,1,1
7,4,14,235259,191,135,6,9,11,14,3,5,214,381,,34,1,1
7,4,14,205919,148,198,7,9,12,15,5,6,215,382,,67,1,1
7,4,14,242640,24,3,4,9,2,5,6,7,128,383,,41,1,1
7,4,14,243159,20,72,4,9,7,36,4,8,185,357,,29,1,1
7,4,14,227083,15,21,5,9,13,13,4,9,16,384,,4,1,1
7,4,14,228547,36,199,6,9,3,11,4,10,216,385,,29,1,1
7,4,14,228018,14,14,6,9,9,12,5,11,217,386,,6,1,1
7,4,14,205833,20,194,7,9,6,97,4,12,26,387,,151,1,1
7,4,14,242028,188,200,4,9,8,49,4,13,218,388,,41,1,1
7,3,5,248201,1,1,3,10,3,103,4,1,57,389,76,3,1,1
7,3,5,246482,138,12,3,9,5,25,3,2,184,390,68,12,1,1
7,3,5,246992,128,123,3,10,2,117,3,3,44,391,76,4,1,1
7,3,5,244513,140,29,3,10,1,103,4,4,5,392,77,6,1,1
7,3,5,251686,188,7,3,10,4,19,3,5,57,393,75,5,1,1
7,3,5,245443,14,201,3,8,3,171,4,1,131,394,,4,#N/A,1
7,3,5,252096,192,121,3,8,5,24,4,2,6,395,,11,#N/A,1
7,3,5,252050,188,36,3,10,1,12,2,3,25,396,,5,#N/A,1
7,3,5,251105,190,39,3,9,2,35,2,4,141,397,,2,#N/A,1
7,3,5,252614,134,14,3,8,4,0,0,5,3,3,,29,#N/A,1
7,3,9,244350,36,6,3,9,8,32,3,1,6,398,58,5,1,1
7,3,9,245513,148,13,3,10,2,11,3,2,219,399,69,17,1,1
7,3,9,249156,135,2,3,9,7,35,6,3,137,400,64,4,1,1
7,3,9,244367,1,12,3,9,6,26,4,4,14,401,64,10,1,1
7,3,9,245024,128,124,3,10,1,186,5,5,4,402,70,12,1,1
7,3,9,245877,131,178,3,9,5,32,3,6,41,403,66,4,1,1
7,3,9,244245,190,141,3,10,4,56,6,7,59,404,68,5,1,1
7,3,9,246677,20,194,3,8,9,33,4,8,132,405,51,81,1,1
7,3,11,247617,188,13,3,9,9,15,5,1,124,406,,4,1,1
7,3,11,252353,1,21,3,10,4,11,7,2,220,407,,13,1,1
7,3,11,251003,15,6,3,10,1,40,5,3,221,408,,3,1,1
7,3,11,247783,193,19,3,10,5,184,0,4,219,409,,7,1,1
7,3,11,252615,128,9,3,10,2,0,0,5,3,3,,4,1,1
7,3,11,251644,189,11,3,9,10,41,6,6,31,410,,11,1,1
7,3,11,246232,36,99,3,9,7,232,0,7,131,411,,81,1,1
7,3,11,251699,134,198,3,10,3,14,6,8,222,412,,67,1,1
7,3,11,252617,192,178,3,9,8,0,0,9,3,3,,67,1,1
7,3,11,252616,16,109,3,9,6,0,0,10,3,3,,34,1,1
7,3,11,252259,22,202,3,9,11,15,0,11,223,413,,251,1,1
7,3,10,248105,190,203,3,10,1,158,5,1,39,414,,2,1,1
7,3,10,247820,131,81,3,9,9,145,4,2,31,415,,4,1,1
7,3,10,252619,20,22,3,9,7,0,0,3,3,3,,19,1,1
7,3,10,248808,14,6,3,10,5,131,4,4,128,416,,4,1,1
7,3,10,251734,20,16,3,9,8,34,7,5,224,417,,81,1,1
7,3,10,245727,22,202,3,9,10,15,4,6,223,418,,251,1,1
7,3,10,252618,134,204,3,9,6,0,0,7,3,3,,51,1,1
7,3,10,250714,135,172,3,10,2,66,5,8,182,419,,81,1,1
7,3,10,252272,24,3,3,10,4,14,8,9,3,3,,67,1,1
7,4,10,211105,10,11,7,10,3,23,4,1,205,420,55,6,1,1
7,4,10,245435,148,205,4,10,1,5,5,2,225,421,56,4,1,1
7,4,10,238509,194,12,4,10,2,5,5,3,17,422,55,7,1,1
7,4,10,245680,135,8,4,9,5,21,3,4,141,423,51,5,1,1
7,4,10,247061,20,206,4,10,4,5,7,5,180,424,54,6,1,1
7,4,10,183272,22,194,8,8,10,5,8,6,3,3,46,151,1,1
7,4,10,230015,191,178,5,8,8,37,5,7,16,425,46,34,1,1
7,4,10,71566,195,138,10,8,9,6,6,8,3,3,46,13,1,1
7,4,10,211444,20,194,7,8,7,14,5,9,140,426,46,41,1,1
7,4,10,218286,196,28,6,9,6,11,6,10,140,427,49,11,1,1
8,4,7,241427,121,32,6,11,6,466,8,1,226,428,,2,1,3
8,4,7,241472,95,92,7,11,4,42,2,2,68,429,,2,1,3
8,4,7,233621,23,207,7,11,1,453,5,3,227,430,,29,1,3
8,4,7,251422,44,140,5,10,7,15,6,4,228,62,,51,1,3
8,4,7,249243,93,207,5,11,5,83,6,5,229,431,,201,1,3
8,4,7,249239,197,208,6,11,3,44,8,6,88,432,,51,1,3
8,4,7,252094,198,209,7,11,2,15,0,7,230,433,,251,1,3
8,5,9,224243,173,210,8,12,5,40,5,1,54,434,95,4,3,3
8,5,9,242301,199,92,7,12,3,26,3,2,162,435,96,9,3,3
8,5,9,212527,95,211,10,11,2,24,3,3,54,436,98,5,3,3
8,5,9,235014,45,212,6,11,6,24,7,4,175,437,89,13,3,3
8,5,9,224464,170,213,9,12,4,10,3,5,231,438,96,9,3,3
8,5,9,231959,198,212,7,11,1,40,3,6,232,439,99,13,3,3
8,5,9,241164,121,198,6,11,7,40,5,7,107,440,88,6,3,3
8,5,9,239266,200,163,6,10,8,130,3,20,8,441,84,51,3,3
8,5,9,234311,201,39,8,11,9,23,5,20,68,442,78,8,3,3
8,4,15,222670,202,214,7,10,12,111,4,1,164,443,87,10,1,3
8,4,15,250341,197,208,7,10,15,44,8,2,75,444,78,51,1,3
8,4,15,186877,199,214,8,11,3,139,2,3,135,445,102,19,1,3
8,4,15,219052,203,212,6,11,2,40,3,4,45,446,102,5,1,3
8,4,15,233092,159,128,6,11,11,26,5,5,233,447,90,6,1,3
8,4,15,239449,23,207,6,11,10,64,4,6,76,448,90,15,1,3
8,4,15,228884,44,140,6,12,4,25,3,7,23,449,99,19,1,3
8,4,15,236831,45,215,7,10,14,44,5,8,234,450,80,19,1,3
8,4,15,213596,95,216,8,12,9,94,5,9,235,451,96,10,1,3
8,4,15,236763,153,89,7,12,8,73,6,10,107,452,98,4,1,3
8,4,15,241455,157,92,7,12,7,110,5,11,67,453,98,26,1,3
8,4,15,217018,204,13,8,12,6,29,5,12,113,454,98,26,1,3
8,4,15,188327,205,140,8,12,5,15,6,13,145,455,99,15,1,3
8,4,15,241203,174,146,6,11,13,29,7,20,54,456,81,26,1,3
8,5,6,226460,201,211,7,11,6,40,3,1,76,457,93,2,3,3
8,5,6,221618,44,140,8,11,3,87,5,2,236,458,104,6,3,3
8,5,6,214128,206,217,9,12,4,72,4,3,58,459,100,34,3,3
8,5,6,209104,198,209,9,11,2,64,4,4,3,3,105,19,3,3
8,5,6,223841,174,143,8,11,5,6,5,5,71,439,95,9,3,3
8,5,6,214839,95,91,9,11,1,40,3,20,68,460,106,4,3,3
8,4,11,241712,201,218,4,11,6,25,5,1,237,461,108,29,2,3
8,4,11,242234,45,212,5,11,7,25,5,2,238,462,100,10,2,3
8,4,11,205716,206,219,8,11,1,71,3,3,239,463,112,21,2,3
8,4,11,245408,197,220,5,11,5,15,3,4,144,464,100,21,2,3
8,4,11,240990,23,220,5,10,10,25,4,5,38,465,97,6,2,3
8,4,11,217150,95,221,8,10,9,15,5,6,82,466,97,7,2,3
8,4,11,240291,199,92,6,12,4,119,4,7,226,467,105,10,2,3
8,4,11,212771,174,143,7,10,11,29,2,8,240,468,97,5,2,3
8,4,11,238220,157,140,4,12,3,24,4,9,19,469,115,6,2,3
8,4,11,225158,121,218,6,10,8,25,5,10,241,11,99,17,2,3
8,4,11,233417,44,220,5,12,2,25,4,11,202,470,109,11,2,3
8,5,7,129953,121,32,11,11,1,25,4,1,3,3,,1,#N/A,3
8,5,7,193453,9,222,10,11,6,25,0,2,50,471,,19,#N/A,3
8,5,7,137234,207,91,12,11,3,46,4,3,3,3,,7,#N/A,3
8,5,7,128396,208,223,12,11,4,658,2,4,3,3,,67,#N/A,3
8,5,7,77601,95,92,12,11,2,25,2,5,3,3,,6,#N/A,3
8,5,7,196579,157,222,10,11,7,8,5,6,74,472,,81,#N/A,3
8,5,7,196692,44,224,11,11,5,12,5,20,242,473,,101,#N/A,3
8,4,6,241622,119,3,8,11,6,42,3,1,243,474,98,4,3,3
8,4,6,240045,121,32,7,11,1,24,3,2,107,475,115,2,3,3
8,4,6,222879,157,92,8,12,5,100,3,3,74,476,108,8,3,3
8,4,6,210366,44,140,9,12,3,74,4,4,244,477,111,23,3,3
8,4,6,233626,203,212,6,12,4,119,5,5,201,478,109,6,3,3
8,5,11,202906,121,225,9,12,2,183,4,1,84,479,,2,3,3
8,5,11,214682,9,222,10,11,4,25,5,2,53,480,,5,3,3
8,5,11,208385,159,226,13,11,8,1398,0,3,3,3,,10,3,3
8,5,11,252090,170,227,9,11,7,25,0,4,245,481,,41,3,3
8,5,11,171180,209,224,12,12,1,117,3,5,3,3,,15,3,3
8,5,11,77551,22,228,12,11,5,15,4,6,3,3,,51,3,3
8,5,11,207456,31,229,9,11,11,364,4,20,58,482,,5,3,3
8,5,11,252620,197,230,8,11,6,0,0,20,3,3,,101,3,3
8,5,11,196211,210,228,10,11,9,12,4,20,148,483,,51,3,3
8,5,11,205265,211,231,10,11,10,25,0,20,76,439,,34,3,3
9,4,16,251647,111,32,6,11,1,51,0,1,109,484,,7,3,4
9,4,16,242523,212,150,6,11,9,80,3,2,58,485,,3,3,4
9,4,16,251956,84,91,6,11,14,20,9,3,93,486,,11,3,4
9,4,16,251842,121,152,6,11,12,41,3,4,49,487,,4,3,4
9,4,16,252622,136,127,6,11,11,0,0,5,3,3,,201,3,4
9,4,16,250633,94,81,6,11,8,101,4,6,246,488,,6,3,4
9,4,16,249920,111,81,5,11,6,83,0,7,106,489,,126,3,4
9,4,16,236971,158,202,7,11,16,27,0,8,71,490,,251,3,4
9,4,16,231778,87,100,8,11,2,824,4,9,229,491,,12,3,4
9,4,16,252621,102,232,9,11,10,0,0,10,3,3,,126,3,4
9,4,16,250470,160,198,7,11,15,105,6,11,247,492,,151,3,4
9,4,16,249102,98,32,5,11,3,98,6,12,88,493,,29,3,4
9,4,16,227255,4,233,7,11,13,13,3,13,79,494,,201,3,4
9,4,16,252263,172,234,6,11,5,14,7,14,165,285,,301,3,4
9,4,16,251065,100,235,6,11,7,39,0,20,67,495,,251,3,4
9,5,11,240654,160,198,7,12,3,117,3,1,107,496,94,3,3,4
9,5,11,249875,102,149,7,11,2,41,6,2,70,497,96,5,3,4
9,5,11,240090,136,165,8,11,8,53,6,3,248,498,78,34,3,4
9,5,11,203072,167,106,10,12,4,97,4,4,91,499,90,13,3,4
9,5,11,218224,106,153,9,11,7,105,7,5,249,500,78,41,3,4
9,5,11,224287,88,236,9,11,6,6,4,6,148,501,78,11,3,4
9,5,11,233038,168,164,7,10,10,226,4,7,162,502,75,7,3,4
9,5,11,231924,136,237,10,11,9,34,5,8,50,503,78,8,3,4
9,5,11,215879,94,36,11,11,5,43,0,9,250,504,89,13,3,4
9,5,11,76894,136,163,12,10,11,670,0,20,3,3,75,151,3,4
9,5,11,222120,212,150,8,11,1,239,2,20,243,505,97,17,3,4
9,4,16,246999,97,238,4,11,14,109,2,1,242,506,,2,2,4
9,4,16,251073,159,155,5,11,6,13,4,2,109,507,,2,2,4
9,4,16,250163,18,99,5,11,4,78,7,3,53,508,,23,2,4
9,4,16,233831,136,239,7,11,11,49,7,4,148,509,,81,2,4
9,4,16,252624,121,150,5,11,9,0,0,5,3,3,,51,2,4
9,4,16,252623,84,91,7,11,3,0,0,6,3,3,,6,2,4
9,4,16,211911,92,240,7,11,13,90,0,7,59,510,,101,2,4
9,4,16,250510,136,193,4,10,16,25,7,8,187,511,,251,2,4
9,4,16,242460,171,160,6,11,8,8,3,9,69,512,,51,2,4
9,4,16,230485,106,153,5,11,1,17,0,10,241,513,,251,2,4
9,4,16,252125,167,6,5,11,10,11,0,11,52,514,,301,2,4
9,4,16,225914,89,241,5,11,12,42,0,12,139,515,,301,2,4
9,4,16,230847,90,154,5,11,2,125,5,13,20,516,,251,2,4
9,4,16,219193,4,242,6,11,7,194,3,14,196,517,,301,2,4
9,4,16,242886,98,154,4,11,15,43,0,20,4,518,,251,2,4
9,5,7,215597,136,239,10,11,2,25,2,1,251,519,133,9,3,4
9,5,7,225650,98,32,7,11,5,83,4,2,58,520,123,6,3,4
9,5,7,202429,212,150,10,12,4,53,2,3,151,521,127,5,3,4
9,5,7,214043,100,99,9,11,7,67,4,4,252,522,116,9,3,4
9,5,7,225164,85,88,7,12,1,22,2,5,253,523,136,4,3,4
9,5,7,224065,213,13,7,11,6,13,3,6,254,524,121,7,3,4
9,5,7,198938,88,81,10,12,3,74,5,7,68,525,128,13,3,4
9,4,17,234018,158,193,8,11,16,78,3,1,49,526,82,17,2,4
9,4,17,234957,102,156,7,11,14,48,5,2,249,527,83,6,2,4
9,4,17,240292,4,88,6,12,7,20,5,3,21,528,96,26,2,4
9,4,17,233025,106,163,6,11,17,78,5,4,175,529,82,21,2,4
9,4,17,233274,136,28,7,12,8,27,4,5,175,530,94,12,2,4
9,4,17,251649,136,243,7,11,2,11,7,6,108,531,100,4,2,4
9,4,17,235485,89,202,5,11,15,39,5,7,255,532,82,10,2,4
9,4,17,245943,85,244,6,11,4,9,4,8,66,533,98,17,2,4
9,4,17,240404,214,162,5,12,9,39,3,9,256,534,94,34,2,4
9,4,17,235916,26,245,6,11,3,6,3,10,56,535,100,7,2,4
9,4,17,236210,94,36,6,12,6,48,5,11,71,536,96,5,2,4
9,4,17,250112,102,86,5,11,12,42,3,12,95,537,88,41,2,4
9,4,17,243095,96,246,7,12,5,30,5,13,54,456,97,151,2,4
9,4,17,207341,159,167,10,11,11,127,3,14,68,538,92,67,2,4
9,4,17,233252,4,86,7,12,10,209,6,15,56,539,93,26,2,4
9,4,17,182239,166,164,8,11,1,153,5,,3,3,100,,2,4
9,4,17,215896,212,150,8,10,13,13,4,,104,540,84,,2,4
9,4,18,233760,85,193,7,11,5,24,3,1,68,541,109,10,3,4
9,4,18,233069,121,152,6,12,11,74,2,2,77,542,105,3,3,4
9,4,18,242780,167,17,5,12,6,46,3,3,99,543,107,6,3,4
9,4,18,224654,26,18,7,11,4,46,4,4,257,544,109,7,3,4
9,4,18,233931,212,150,7,11,14,76,7,5,76,545,100,34,3,4
9,4,18,250174,155,155,5,12,8,27,5,6,258,546,106,11,3,4
9,4,18,241114,97,238,6,11,1,101,6,7,259,547,110,34,3,4
9,4,18,234689,101,162,5,10,16,58,8,8,4,548,87,81,3,4
9,4,18,241740,94,78,6,11,3,42,5,20,91,549,109,17,3,4
9,4,18,215229,147,97,9,12,9,71,2,20,68,550,106,21,3,4
9,4,18,251651,100,243,6,11,15,11,1,20,53,551,89,51,3,4
9,4,18,240743,115,160,6,12,12,20,5,20,95,552,104,10,3,4
9,4,18,241625,168,247,6,10,18,20,4,20,260,553,84,81,3,4
9,4,18,241800,111,81,6,11,2,67,4,20,96,554,109,15,3,4
9,4,18,74781,166,164,10,11,13,599,3,20,3,3,102,201,3,4
9,4,18,241699,215,91,6,12,10,48,4,,88,555,105,,3,4
9,4,18,234369,159,155,6,10,17,103,2,,106,556,84,,3,4
9,4,18,233984,169,248,6,12,7,16,4,,48,557,106,,3,4
9,5,9,67879,98,225,12,11,1,355,1,1,3,3,,3,3,4
9,5,9,234003,107,249,10,11,8,0,0,2,261,558,,11,3,4
9,5,9,214703,85,244,10,11,3,64,2,3,109,559,,2,3,4
9,5,9,147737,94,250,11,11,9,1042,0,4,3,3,,41,3,4
9,5,9,198942,121,251,9,11,5,478,3,5,259,560,,6,3,4
9,5,9,163056,4,252,12,11,7,461,4,6,3,3,,126,3,4
9,5,9,216778,136,253,10,12,4,696,4,7,262,561,,34,3,4
9,5,9,223174,4,254,8,11,6,1028,5,8,104,562,,41,3,4
9,5,9,208688,150,255,10,11,2,571,5,20,3,3,,26,3,4
10,4,13,252070,153,256,7,12,1,25,1,1,88,563,,2,1,6
10,4,13,251628,157,92,5,11,4,41,0,2,263,564,,67,1,6
10,4,13,239224,174,25,4,11,13,25,5,3,144,565,,12,1,6
10,4,13,240368,200,257,7,11,9,49,6,4,53,566,,26,1,6
10,4,13,243094,216,92,7,11,10,14,6,5,76,239,,67,1,6
10,4,13,251999,119,213,5,11,8,14,5,6,79,567,,251,1,6
10,4,13,251662,95,258,6,11,6,13,4,7,107,568,,41,1,6
10,4,13,242621,201,146,6,11,11,13,4,8,264,569,,251,1,6
10,4,13,251718,217,259,6,11,5,13,0,9,53,570,,301,1,6
10,4,13,252581,170,213,5,11,12,0,0,10,3,3,,251,1,6
10,4,13,240803,204,260,7,11,3,25,3,11,265,571,,251,1,6
10,4,13,241390,199,72,6,11,7,466,0,20,264,572,,251,1,6
10,4,13,242437,121,152,6,12,2,25,4,20,255,573,,2,1,6
10,5,6,224698,201,99,7,11,2,32,3,1,175,574,,4,1,6
10,5,6,240529,95,110,6,11,1,24,2,2,112,575,,4,1,6
10,5,6,210879,164,261,9,10,4,24,4,3,266,576,,29,1,6
10,5,6,252582,102,156,9,10,3,0,0,4,3,3,,301,1,6
10,5,6,232107,153,256,7,11,6,25,3,20,91,577,,11,1,6
10,5,6,222753,121,152,8,10,5,13,4,20,71,578,,2,1,6
10,4,11,237728,121,152,4,11,11,38,5,1,21,579,,3,2,6
10,4,11,232911,218,262,7,11,7,430,3,2,67,580,,12,2,6
10,4,11,235059,95,92,6,11,1,129,2,3,49,581,,2,2,6
10,4,11,250160,199,263,5,11,3,82,0,4,267,582,,301,2,6
10,4,11,251666,112,110,5,11,9,14,4,5,49,583,,301,2,6
10,4,11,244267,197,220,4,11,10,25,0,6,183,584,,26,2,6
10,4,11,233949,200,264,8,11,4,581,8,7,106,585,,19,2,6
10,4,11,229439,201,39,5,11,6,177,0,20,38,586,,12,2,6
10,4,11,251468,121,265,7,11,2,65,7,20,148,587,,201,2,6
10,4,11,246769,153,256,5,11,8,9,5,20,96,588,,8,2,6
10,4,11,242108,91,89,6,11,5,118,5,,268,589,,,2,6
10,5,8,151182,210,128,10,12,5,24,5,1,3,3,115,5,3,6
10,5,8,203148,92,144,9,12,4,14,3,2,83,590,116,3,3,6
10,5,8,214356,200,264,9,12,6,86,5,3,109,591,113,8,3,6
10,5,8,173216,173,266,12,12,2,14,3,4,3,3,117,21,3,6
10,5,8,224830,121,100,9,12,3,27,4,20,269,592,116,6,3,6
10,5,8,202484,201,257,9,11,1,10,5,20,270,593,119,6,3,6
10,5,8,218197,199,110,10,11,7,24,3,20,271,594,110,19,3,6
10,5,8,222879,157,92,8,11,8,99,3,,74,476,108,,3,6
10,4,9,240288,112,110,6,12,6,10,2,1,63,595,99,7,3,6
10,4,9,236217,202,245,6,12,5,25,3,2,51,596,99,4,3,6
10,4,9,231539,92,144,9,12,1,8,4,3,232,597,106,3,3,6
10,4,9,214949,206,99,9,12,7,95,4,4,148,598,96,15,3,6
10,4,9,207993,172,267,7,10,8,13,5,5,3,3,87,8,3,6
10,4,9,236362,173,266,7,11,4,64,4,6,198,599,102,17,3,6
10,4,9,229108,153,256,8,11,3,19,2,20,148,600,103,21,3,6
10,4,9,229807,93,99,7,11,9,22,5,20,49,601,83,41,3,6
10,4,9,219408,47,92,8,11,2,22,5,20,173,602,103,19,3,6
10,5,6,221961,199,128,8,11,6,14,2,1,113,603,105,4,2,6
10,5,6,231350,174,258,7,11,4,7,3,2,46,604,107,2,2,6
10,5,6,223037,92,11,8,12,3,22,4,3,108,605,110,51,2,6
10,5,6,215281,44,220,8,12,1,24,4,4,269,606,122,13,2,6
10,5,6,146555,211,143,12,11,5,53,5,5,3,3,106,9,2,6
10,5,6,240289,95,92,6,11,2,41,3,20,93,607,116,6,2,6
10,4,13,240397,169,12,5,11,2,143,3,1,272,608,102,3,1,6
10,4,13,236003,157,92,6,10,8,79,3,2,47,609,90,29,1,6
10,4,13,220953,149,266,6,11,9,58,4,3,179,610,83,9,1,6
10,4,13,221957,118,257,9,10,12,131,5,4,107,611,77,51,1,6
10,4,13,242297,164,78,5,11,6,62,4,5,273,612,91,12,1,6
10,4,13,240157,219,268,8,10,11,13,6,6,148,613,77,67,1,6
10,4,13,217319,26,262,8,11,7,109,5,7,75,614,91,12,1,6
10,4,13,221311,102,156,6,11,3,32,4,8,274,615,101,9,1,6
10,4,13,241963,208,257,6,10,10,25,6,9,264,616,80,11,1,6
10,4,13,227794,96,269,5,12,4,72,4,10,195,617,98,10,1,6
10,4,13,241842,220,11,6,11,5,22,7,20,275,125,92,101,1,6
10,4,13,208052,205,270,9,11,1,22,4,20,3,3,103,8,1,6
10,4,13,245769,112,110,5,10,13,65,0,,247,618,77,,1,6
11,4,19,252588,68,39,4,12,1,281,7,1,3,3,,11,2,2
11,4,19,237996,30,271,4,12,4,43,8,2,144,619,,4,2,2
11,4,19,241761,18,272,4,11,16,8,7,3,206,620,,29,2,2
11,4,19,244676,221,273,4,12,6,30,0,4,276,621,,151,2,2
11,4,19,245094,222,192,4,12,11,115,0,5,277,622,,4,2,2
11,4,19,252590,31,10,4,11,14,0,0,6,3,3,,29,2,2
11,4,19,240942,44,88,4,11,15,207,0,7,135,623,,67,2,2
11,4,19,241414,223,240,4,12,3,43,2,8,278,624,,3,2,2
11,4,19,252589,163,32,4,11,12,0,0,9,3,3,,51,2,2
11,4,19,238886,92,274,4,12,10,22,0,10,279,625,,26,2,2
11,4,19,238099,224,275,4,12,7,155,0,11,280,626,,19,2,2
11,4,19,252112,32,175,4,11,13,22,0,12,281,550,,41,2,2
11,4,19,252391,64,52,4,12,8,0,0,13,3,3,,15,2,2
11,4,19,243333,55,53,4,12,9,30,0,14,69,627,,29,2,2
11,4,19,235938,41,150,4,12,5,165,0,20,282,628,,19,2,2
11,4,19,239783,225,276,4,12,2,25,0,20,283,629,,201,2,2
11,4,19,252592,54,240,4,12,19,0,0,,3,3,,,2,2
11,4,19,238194,54,277,4,12,17,66,8,,124,630,,,2,2
11,4,19,252591,54,37,4,12,18,0,0,,3,3,,,2,2
11,4,19,237998,224,278,4,12,5,30,9,1,198,631,,8,2,2
11,4,19,240376,226,240,4,12,6,43,0,2,35,632,,41,2,2
11,4,19,245000,68,276,4,12,13,116,0,3,69,633,,26,2,2
11,4,19,239620,223,240,4,12,3,120,9,4,219,634,,26,2,2
11,4,19,252595,67,37,4,12,10,0,0,5,3,3,,67,2,2
11,4,19,240130,54,13,4,12,17,30,0,6,284,635,,51,2,2
11,4,19,236119,221,273,4,12,9,22,0,7,279,636,,29,2,2
11,4,19,252596,92,274,4,11,14,0,0,8,3,3,,15,2,2
11,4,19,252593,32,175,4,12,1,121,0,9,3,3,,2,2,2
11,4,19,252003,225,274,4,12,11,8,0,10,96,637,,101,2,2
11,4,19,251710,227,32,4,12,8,48,9,11,72,638,,51,2,2
11,4,19,252594,30,32,4,12,4,0,0,12,3,3,,29,2,2
11,4,19,246599,228,29,4,12,7,159,0,13,38,639,,23,2,2
11,4,19,243329,60,279,4,12,2,150,0,14,203,640,,201,2,2
11,4,19,237366,29,40,4,11,16,164,0,20,285,641,,4,2,2
11,4,19,244731,31,280,4,12,12,43,0,20,21,642,,81,2,2
11,4,19,252597,54,44,4,12,19,0,0,,3,3,,,2,2
11,4,19,237538,229,175,4,11,15,22,5,,202,586,,,2,2
11,4,19,251787,54,281,4,12,18,8,7,,183,643,,,2,2
11,4,14,233598,230,39,6,11,8,34,2,1,93,644,115,9,3,2
11,4,14,249740,36,282,6,12,3,33,1,2,62,645,120,4,3,2
11,4,14,205733,52,32,9,11,1,32,2,3,47,646,124,12,3,2
11,4,14,224819,61,44,7,11,2,45,3,4,108,647,124,29,3,2
11,4,14,223490,31,283,8,9,14,32,6,5,173,648,97,10,3,2
11,4,14,251524,71,284,5,11,5,30,3,6,162,649,118,5,3,2
11,4,14,235811,38,12,6,11,7,59,3,7,95,650,115,10,3,2
11,4,14,214762,53,285,9,11,10,84,5,8,54,651,113,17,3,2
11,4,14,235802,67,35,7,11,6,64,4,9,232,652,116,10,3,2
11,4,14,235865,140,286,8,11,9,72,5,20,286,653,113,29,3,2
11,4,14,235057,56,271,6,12,4,84,2,20,96,654,119,23,3,2
11,4,14,214871,68,43,8,11,11,149,4,20,58,655,108,34,3,2
11,4,14,226663,228,43,8,10,12,64,4,20,69,656,103,51,3,2
11,4,14,240908,231,43,6,10,13,26,5,20,287,657,99,23,3,2
11,5,6,185606,232,287,10,11,1,30,2,1,288,658,,1,3,2
11,5,6,214014,227,45,10,11,2,65,4,2,71,659,,10,3,2
11,5,6,230086,50,98,8,12,6,33,3,3,79,660,,13,3,2
11,5,6,232972,32,287,8,12,3,34,2,4,47,661,,6,3,2
11,5,6,222839,222,288,8,12,4,2,4,,289,662,,,3,2
11,5,6,217129,41,289,8,12,5,2,4,,116,663,,,3,2
11,5,17,235423,233,290,6,12,4,64,4,1,91,664,,2,3,2
11,5,17,223773,232,287,8,12,1,33,5,2,153,665,,3,3,2
11,5,17,223829,222,288,8,12,9,30,4,3,290,666,,21,3,2
11,5,17,241134,32,287,7,12,13,63,4,4,291,667,,8,3,2
11,5,17,223807,29,40,8,12,8,59,4,5,68,668,,12,3,2
11,5,17,233962,69,283,7,12,6,80,5,6,73,669,,34,3,2
11,5,17,250244,30,63,7,12,3,72,0,7,52,670,,251,3,2
11,5,17,239347,40,291,7,12,5,127,4,8,232,671,,251,3,2
11,5,17,251611,31,292,6,12,10,33,8,9,226,594,,201,3,2
11,5,17,248160,41,293,6,12,7,22,4,10,91,672,,17,3,2
11,5,17,251881,76,71,8,12,11,32,0,11,62,673,,251,3,2
11,5,17,235408,56,98,6,12,2,127,3,12,292,674,,51,3,2
11,5,17,251515,225,274,5,12,12,45,3,13,107,675,,251,3,2
11,5,17,240710,92,274,6,12,14,22,3,14,53,676,,201,3,2
11,5,17,250462,54,75,5,12,17,22,7,,101,677,,,3,2
11,5,17,251451,54,294,8,12,15,22,7,,91,672,,,3,2
11,5,17,243260,54,75,5,11,16,22,6,,293,678,,,3,2
11,5,11,225280,52,37,7,11,7,22,4,1,173,679,107,3,2,2
11,5,11,224547,234,58,8,12,5,15,5,2,82,680,111,5,2,2
11,5,11,233589,30,13,7,12,3,17,5,3,91,681,113,7,2,2
11,5,11,214188,31,295,10,12,4,30,4,4,104,682,111,13,2,2
11,5,11,217598,235,150,10,11,10,22,5,5,82,683,101,13,2,2
11,5,11,241288,50,9,6,11,1,33,4,6,91,684,118,7,2,2
11,5,11,222154,41,296,7,12,2,49,5,7,294,685,114,9,2,2
11,5,11,181843,236,297,10,10,8,22,5,8,3,3,105,19,2,2
11,5,11,231446,237,29,7,9,11,26,5,9,76,686,91,67,2,2
11,5,11,193979,31,48,10,10,9,26,4,20,295,687,103,34,2,2
11,5,11,222325,222,13,6,11,6,49,3,20,296,688,107,41,2,2
11,47,19,252600,238,246,5,11,9,0,0,1,3,3,,15,2,2
11,47,19,251931,239,39,6,11,5,34,4,2,51,689,,7,2,2
11,47,19,135028,240,274,6,11,6,43,3,3,3,3,,5,2,2
11,47,19,250549,233,298,6,11,1,43,4,4,88,690,,4,2,2
11,47,19,252604,241,35,4,10,16,0,0,5,3,3,,17,2,2
11,47,19,251456,73,7,6,11,13,30,3,6,71,691,,26,2,2
11,47,19,252601,77,10,6,11,10,0,0,7,3,3,,26,2,2
11,47,19,251790,82,45,6,11,4,43,0,8,96,692,,151,2,2
11,47,19,252602,71,240,5,11,11,0,0,9,3,3,,8,2,2
11,47,19,252152,242,75,5,11,2,15,0,10,297,693,,101,2,2
11,47,19,251995,243,98,5,11,15,22,4,11,107,694,,4,2,2
11,47,19,252599,244,25,5,11,8,0,0,12,3,3,,51,2,2
11,47,19,239749,245,36,7,11,12,521,0,13,298,695,,201,2,2
11,47,19,252605,54,299,5,11,17,0,0,14,3,3,,51,2,2
11,47,19,242912,67,300,6,11,3,376,0,20,67,696,,151,2,2
11,47,19,252603,18,23,5,11,14,0,0,20,3,3,,51,2,2
11,47,19,252607,54,301,6,11,19,0,0,,3,3,,,2,2
11,47,19,252598,246,73,5,11,7,0,0,,3,3,,,2,2
11,47,19,252606,54,44,4,10,18,0,0,,3,3,,,2,2
12,5,12,224732,26,83,7,12,4,14,4,1,250,697,96,4,3,6
12,5,12,53080,162,10,14,10,12,40,5,2,3,3,74,51,3,6
12,5,12,225924,26,302,6,10,7,9,4,3,299,698,78,4,3,6
12,5,12,231784,18,303,7,11,2,27,5,4,300,699,100,9,3,6
12,5,12,240102,136,243,6,10,11,40,6,5,301,700,74,29,3,6
12,5,12,215753,22,80,9,10,10,26,5,6,245,701,74,21,3,6
12,5,12,227831,167,90,10,10,9,40,5,7,302,702,74,17,3,6
12,5,12,205154,61,304,11,11,6,356,3,20,113,703,83,13,3,6
12,5,12,225094,163,108,8,12,1,7,3,20,303,704,103,4,3,6
12,5,12,75175,111,12,10,10,8,53,5,20,3,3,75,251,3,6
12,5,12,214038,84,78,9,11,3,89,5,20,91,705,100,12,3,6
12,5,12,214865,156,13,9,12,5,1,4,,49,706,93,,3,6
12,5,9,246240,136,260,6,12,4,15,3,1,304,707,115,8,2,6
12,5,9,230035,26,83,8,11,3,14,2,2,76,708,118,3,2,6
12,5,9,222802,163,108,8,12,1,19,3,3,75,709,121,17,2,6
12,5,9,234893,136,189,8,11,5,100,5,4,107,710,110,7,2,6
12,5,9,248911,4,95,5,10,8,62,3,5,99,711,94,11,2,6
12,5,9,223678,140,6,8,11,2,106,3,6,55,712,119,11,2,6
12,5,9,224373,86,178,8,10,9,26,3,7,305,713,93,17,2,6
12,5,9,217531,212,82,7,11,6,82,5,20,98,714,109,11,2,6
12,5,9,223419,155,155,7,10,7,137,3,20,106,715,104,10,2,6
12,5,6,235193,103,96,8,10,5,82,3,1,107,716,107,7,3,6
12,5,6,222561,136,189,8,10,4,42,4,2,76,717,107,13,3,6
12,5,6,223782,212,82,8,12,2,25,4,3,47,718,117,5,3,6
12,5,6,198196,86,98,11,12,3,31,4,4,306,719,116,11,3,6
12,5,6,249036,163,108,6,11,6,50,6,20,249,720,103,5,3,6
12,5,6,221927,26,83,9,11,1,32,5,20,50,721,120,3,3,6
12,5,10,234368,61,1,8,12,5,40,5,1,120,722,99,10,3,6
12,5,10,232395,26,83,9,11,6,13,4,2,133,723,95,4,3,6
12,5,10,233940,155,155,7,11,8,19,4,3,307,724,93,6,3,6
12,5,10,236008,89,84,7,12,4,26,5,4,67,725,101,8,3,6
12,5,10,222032,136,72,9,11,1,25,2,5,85,726,105,34,3,6
12,5,10,215576,86,21,11,12,3,98,3,6,233,727,102,15,3,6
12,5,10,237314,163,108,8,11,7,57,3,20,107,728,94,11,3,6
12,5,10,224519,18,99,9,11,2,32,6,20,109,729,103,5,3,6
12,5,10,239814,4,95,5,10,9,26,4,20,11,730,93,12,3,6
12,5,10,230025,136,39,9,11,10,13,6,,159,731,87,,3,6
12,6,13,233123,247,305,6,11,6,655,3,1,308,732,,4,3,6
12,6,13,232446,99,97,7,11,7,12,2,2,68,733,,4,3,6
12,6,13,252583,156,306,9,11,1,0,0,3,3,3,,151,3,6
12,6,13,248486,175,307,7,11,11,95,4,4,54,734,,4,3,6
12,6,13,167242,147,308,11,11,3,26,3,5,3,3,,8,3,6
12,6,13,215373,168,309,10,11,4,40,4,6,53,735,,34,3,6
12,6,13,225719,31,115,8,11,5,27,8,7,76,736,,201,3,6
12,6,13,252585,103,13,7,11,9,0,0,8,3,3,,9,3,6
12,6,13,252289,26,224,7,11,10,12,0,20,247,737,,21,3,6
12,6,13,252295,111,310,8,11,12,12,0,20,255,738,,251,3,6
12,6,13,226861,107,311,8,11,2,564,6,20,68,739,,21,3,6
12,6,13,229459,136,312,10,11,13,724,5,20,309,740,,201,3,6
12,6,13,252584,24,224,9,11,8,0,0,20,3,3,,201,3,6
12,6,10,240091,121,32,7,11,3,354,2,1,310,741,,1,3,6
12,6,10,166505,26,83,13,11,9,11,0,2,3,3,,7,3,6
12,6,10,197546,86,98,12,12,1,451,5,3,231,742,,5,3,6
12,6,10,221898,136,312,10,11,4,27,4,4,311,743,,10,3,6
12,6,10,198095,26,313,10,11,2,14,6,5,91,744,,51,3,6
12,6,10,155435,93,115,11,11,6,165,5,6,3,3,,81,3,6
12,6,10,62324,18,314,13,11,5,405,5,7,3,3,,81,3,6
12,6,10,80769,174,175,12,11,8,682,4,20,3,3,,41,3,6
12,6,10,125105,61,315,12,11,10,1610,0,20,3,3,,51,3,6
12,6,10,59469,175,316,13,11,7,863,5,,3,3,,,3,6
13,4,8,227382,248,2,6,9,5,43,4,1,312,745,95,5,2,5
13,4,8,221377,130,317,6,9,3,559,2,2,65,329,96,11,2,5
13,4,8,189910,90,99,8,9,4,15,5,3,296,746,96,5,2,5
13,4,8,215873,5,318,7,10,2,80,3,4,15,747,100,5,2,5
13,4,8,227075,143,317,6,9,8,89,3,5,313,748,85,34,2,5
13,4,8,160283,5,94,9,9,1,15,5,6,3,3,104,8,2,5
13,4,8,217607,20,16,8,8,7,31,4,7,314,749,91,12,2,5
13,4,8,239345,249,123,4,9,6,12,2,8,135,750,96,7,2,5
13,4,6,232042,9,99,5,9,5,19,3,1,17,751,77,5,2,5
13,4,6,239055,129,19,5,9,2,38,2,2,142,752,86,3,2,5
13,4,6,245741,3,319,4,9,6,19,4,3,128,753,77,6,2,5
13,4,6,240165,128,123,4,9,1,29,2,4,4,754,87,6,2,5
13,4,6,238515,250,212,4,10,3,41,4,5,315,755,82,51,2,5
13,4,6,222726,5,318,7,10,4,111,4,6,17,756,80,7,2,5
13,3,7,252586,159,13,3,10,3,0,0,1,3,3,,4,1,5
13,3,7,252260,128,123,3,10,2,14,2,2,316,757,,2,1,5
13,3,7,251910,3,319,3,9,6,36,4,3,4,758,,21,1,5
13,3,7,250095,143,320,3,10,4,116,7,4,23,759,,126,1,5
13,3,7,251786,129,1,3,10,5,43,9,5,36,760,,5,1,5
13,3,7,252587,178,2,3,9,7,0,0,6,3,3,,17,1,5
13,3,7,249499,23,20,3,10,1,17,3,7,17,761,,23,1,5
13,4,6,233368,10,11,5,9,6,3,3,1,180,762,85,5,1,5
13,4,6,226410,23,220,6,9,5,14,4,2,164,763,87,5,1,5
13,4,6,230236,133,317,5,10,4,36,2,3,199,764,88,7,1,5
13,4,6,229014,6,6,5,10,3,27,5,4,20,765,89,6,1,5
13,4,6,228125,130,123,5,10,1,61,4,5,38,766,91,8,1,5
13,4,6,236050,15,13,4,10,2,115,4,6,198,767,89,5,1,5
13,4,8,235353,191,186,4,10,2,25,4,1,317,768,84,3,1,5
13,4,8,227116,133,6,5,9,6,13,2,2,115,769,79,6,1,5
13,4,8,237429,1,1,4,10,1,71,3,3,11,770,84,4,1,5
13,4,8,241318,178,2,4,9,5,29,4,4,318,771,80,9,1,5
13,4,8,228131,8,123,5,9,7,11,4,5,319,772,78,9,1,5
13,4,8,219262,130,283,6,9,4,19,3,6,201,27,80,10,1,5
13,4,8,238696,25,131,4,8,8,262,5,7,142,773,76,67,1,5
13,4,8,216400,251,258,7,9,3,137,2,8,320,303,81,41,1,5
13,3,8,250538,192,121,3,8,7,35,8,1,65,774,60,19,1,5
13,3,8,245231,194,12,3,8,6,24,4,2,125,775,61,9,1,5
13,3,8,246237,147,13,3,9,8,63,2,3,221,776,58,4,1,5
13,3,8,245817,252,6,3,9,4,6,4,4,321,777,66,3,1,5
13,3,8,246475,250,321,3,9,3,33,4,5,322,778,67,13,1,5
13,3,8,248555,145,210,3,8,5,38,4,6,118,779,62,5,1,5
13,3,8,250964,132,125,3,10,2,29,5,7,323,780,68,11,1,5
13,3,8,249556,129,129,3,10,1,71,3,,177,781,70,,1,5
13,4,9,207960,147,12,7,9,7,25,4,1,3,3,77,17,1,5
13,4,9,239299,24,13,4,9,5,4,4,2,324,782,78,10,1,5
13,4,9,238264,130,127,4,9,9,130,3,3,136,783,71,7,1,5
13,4,9,235333,8,123,4,9,1,15,4,4,319,784,87,4,1,5
13,4,9,237629,129,163,4,9,4,47,5,5,319,785,79,12,1,5
13,4,9,239551,252,6,4,10,2,150,3,6,6,786,84,13,1,5
13,4,9,227612,25,131,5,10,3,7,3,7,7,787,83,13,1,5
13,4,9,225021,123,192,5,8,8,14,4,8,325,788,75,4,1,5
13,4,9,230499,188,186,5,9,6,45,4,20,121,789,78,17,1,5
14,4,13,251773,45,212,6,11,1,42,2,1,175,790,,17,3,7
14,4,13,252110,94,17,5,11,3,15,3,2,269,791,,2,3,7
14,4,13,241061,206,219,8,11,4,82,4,3,49,792,,5,3,7
14,4,13,249238,200,264,6,10,13,92,4,4,99,793,,10,3,7
14,4,13,235525,23,322,8,11,6,7,6,5,104,794,,51,3,7
14,4,13,250260,202,211,7,11,9,110,4,6,51,795,,21,3,7
14,4,13,250193,201,127,5,11,8,77,5,7,273,796,,51,3,7
14,4,13,251212,88,323,5,11,2,77,2,8,273,797,,29,3,7
14,4,13,250346,159,128,5,11,5,38,5,9,326,798,,9,3,7
14,4,13,252554,44,324,6,10,10,0,0,10,3,3,,126,3,7
14,4,13,216587,121,325,9,10,11,1413,0,11,53,799,,251,3,7
14,4,13,241850,253,211,7,10,12,77,2,20,47,556,,41,3,7
14,4,13,242820,207,91,6,11,7,361,1,,173,800,,,3,7
14,5,10,231956,197,208,8,12,3,22,4,1,53,801,106,8,3,7
14,5,10,234733,201,127,8,12,5,42,3,2,230,802,105,6,3,7
14,5,10,232719,95,211,7,12,4,24,5,3,72,803,106,5,3,7
14,5,10,157269,44,214,9,11,2,98,6,4,3,3,109,11,3,7
14,5,10,224921,157,324,8,11,7,31,5,5,85,804,100,11,3,7
14,5,10,196449,198,212,10,11,6,42,3,6,50,805,101,23,3,7
14,5,10,223585,102,86,7,10,9,24,4,20,281,806,97,3,3,7
14,5,10,215693,159,264,9,10,10,42,3,20,327,807,94,12,3,7
14,5,10,129584,121,218,11,11,1,40,5,20,3,3,110,81,3,7
14,5,10,243273,215,323,7,11,8,24,4,,71,808,98,,3,7
14,4,11,215454,157,264,8,11,3,398,2,1,232,809,99,4,3,7
14,4,11,222454,117,86,8,12,1,51,3,2,248,810,101,4,3,7
14,4,11,209179,202,214,7,11,11,24,2,3,3,3,80,19,3,7
14,4,11,208391,111,246,9,11,7,81,3,4,3,3,88,17,3,7
14,4,11,234855,205,127,6,11,4,21,6,5,328,811,97,29,3,7
14,4,11,217102,254,211,9,12,6,24,2,6,53,812,92,8,3,7
14,4,11,197645,22,10,9,12,2,13,5,7,329,813,101,23,3,7
14,4,11,215521,210,99,8,10,10,69,5,20,82,814,84,23,3,7
14,4,11,215905,203,322,9,12,5,13,5,20,330,815,93,11,3,7
14,4,11,233848,208,17,8,10,8,72,4,20,232,816,86,11,3,7
14,4,11,240038,204,326,4,10,9,24,5,20,324,817,93,9,3,7
14,5,6,209910,45,20,10,10,6,23,5,1,3,3,111,7,2,7
14,5,6,215683,23,92,8,12,3,86,3,2,331,818,130,6,2,7
14,5,6,223152,197,220,8,11,1,23,3,3,85,819,135,13,2,7
14,5,6,205817,119,3,10,11,2,37,5,4,68,820,133,41,2,7
14,5,6,200400,207,91,10,11,4,37,1,20,235,821,125,3,2,7
14,5,6,234664,206,219,8,10,5,72,3,20,328,822,119,4,2,7
14,4,13,238430,200,264,6,11,2,91,3,1,108,823,115,3,3,7
14,4,13,241204,95,211,7,11,9,42,3,2,332,824,104,7,3,7
14,4,13,247671,22,3,7,12,5,13,4,3,49,825,111,17,3,7
14,4,13,170088,173,210,11,11,4,42,4,4,3,3,114,17,3,7
14,4,13,226150,118,215,7,12,6,24,4,5,162,826,108,10,3,7
14,4,13,249618,157,208,6,11,1,42,2,6,333,827,116,10,3,7
14,4,13,128743,201,216,11,11,3,24,3,7,3,3,114,13,3,7
14,4,13,194643,255,212,11,11,7,142,5,8,71,828,107,41,3,7
14,4,13,248277,197,220,6,11,12,22,5,9,107,829,97,51,3,7
14,4,13,59720,207,91,12,10,11,31,2,20,3,3,100,41,3,7
14,4,13,251033,88,323,6,11,8,42,4,20,334,830,105,26,3,7
14,4,13,233039,253,211,8,10,10,59,4,20,335,831,102,6,3,7
14,4,13,221529,92,144,6,11,13,12,5,,244,832,96,,3,7
14,5,5,233793,200,264,8,11,2,62,3,1,107,833,119,3,3,7
14,5,5,196573,23,327,9,10,4,13,3,2,104,834,115,6,3,7
14,5,5,215115,95,91,9,12,1,840,2,3,113,835,135,4,3,7
14,5,5,233142,201,264,7,11,3,37,4,4,83,836,118,5,3,7
14,5,5,217656,44,17,9,10,5,47,2,,82,837,113,,3,7
14,5,14,231486,45,212,7,11,4,65,4,1,49,838,103,7,3,7
14,5,14,182219,200,215,11,10,9,70,4,2,3,3,90,26,3,7
14,5,14,175622,44,140,10,10,11,21,4,3,3,3,88,34,3,7
14,5,14,231954,95,217,8,12,6,10,4,4,232,19,100,8,3,7
14,5,14,233284,159,128,7,12,1,22,2,5,294,839,107,3,3,7
14,5,14,227747,111,328,10,11,8,25,4,6,85,840,94,26,3,7
14,5,14,177324,253,211,10,11,3,24,5,7,3,3,104,29,3,7
14,5,14,147754,118,245,12,10,10,13,6,8,3,3,90,10,3,7
14,5,14,217048,199,216,10,11,2,26,4,9,86,841,104,7,3,7
14,5,14,231123,201,39,8,12,7,42,3,20,83,842,97,7,3,7
14,5,14,235164,88,323,8,10,13,115,4,20,85,843,81,21,3,7
14,5,14,126998,203,323,11,10,14,82,5,20,3,3,78,51,3,7
14,5,14,68960,1,329,12,11,5,24,3,20,3,3,102,41,3,7
14,5,14,130947,93,215,12,11,12,97,4,20,3,3,83,51,3,7
14,46,7,250077,163,330,5,12,1,116,1,1,51,844,,2,2,7
14,46,7,252245,94,17,5,11,3,0,0,2,162,845,,3,2,7
14,46,7,250262,253,211,5,11,5,70,7,3,113,846,,17,2,7
14,46,7,252555,198,264,6,11,4,0,0,4,3,3,,41,2,7
14,46,7,241752,200,323,5,11,6,450,0,5,179,847,,151,2,7
14,46,7,236350,203,327,6,11,2,52,7,6,305,848,,41,2,7
14,46,7,249073,95,324,5,11,7,25,8,7,334,849,,101,2,7
15,4,15,179160,153,89,9,11,14,76,6,1,3,3,86,4,3,8
15,4,15,234958,152,100,6,10,13,108,5,2,48,850,88,15,3,8
15,4,15,241411,85,79,6,11,4,26,4,3,106,851,103,9,3,8
15,4,15,223866,121,152,8,11,2,21,3,4,129,852,104,5,3,8
15,4,15,241656,4,331,6,12,7,73,4,5,52,853,99,41,3,8
15,4,15,240436,136,239,6,11,3,28,3,6,51,854,104,7,3,8
15,4,15,223764,90,5,8,11,9,40,5,7,249,855,93,8,3,8
15,4,15,231474,160,198,7,10,12,28,6,8,88,856,90,29,3,8
15,4,15,241985,170,237,5,11,8,32,4,9,267,857,94,51,3,8
15,4,15,241258,92,6,6,10,11,32,5,10,109,858,91,12,3,8
15,4,15,70953,256,195,10,12,6,69,4,11,3,3,101,9,3,8
15,4,15,249423,136,332,7,11,10,84,1,20,53,859,92,151,3,8
15,4,15,233873,155,333,7,11,1,20,5,20,336,860,104,17,3,8
15,4,15,235344,96,246,5,11,15,83,5,,170,861,85,,3,8
15,4,15,216745,257,193,8,11,5,46,3,,56,132,103,,3,8
15,5,10,200785,170,237,12,10,10,77,3,1,337,862,89,13,3,8
15,5,10,170105,102,13,11,12,2,88,6,2,3,3,112,4,3,8
15,5,10,215255,109,6,11,10,7,131,3,3,331,863,100,15,3,8
15,5,10,232732,106,163,9,11,5,84,3,4,74,864,107,10,3,8
15,5,10,223887,61,88,9,12,3,97,3,5,249,737,110,3,3,8
15,5,10,214865,156,13,9,10,9,12,4,6,49,706,93,17,3,8
15,5,10,222846,115,175,8,11,1,39,2,7,338,865,115,6,3,8
15,5,10,222481,169,2,9,12,4,24,2,,248,866,108,,3,8
15,5,10,224688,160,198,10,11,6,108,4,,3,3,104,,3,8
15,5,10,196564,174,127,9,11,8,46,3,,339,867,97,,3,8
15,4,8,222024,159,155,6,12,5,25,2,1,340,868,116,2,2,8
15,4,8,233651,258,239,7,12,4,42,4,2,333,869,116,8,2,8
15,4,8,228965,156,25,5,12,3,56,4,3,284,870,119,23,2,8
15,4,8,221928,121,152,8,11,1,14,4,4,112,871,121,4,2,8
15,4,8,221103,155,155,6,11,8,64,3,5,281,872,111,12,2,8
15,4,8,241861,170,165,7,11,6,94,6,,247,873,115,,2,8
15,4,8,231943,98,96,6,11,7,28,3,,105,874,113,,2,8
15,4,8,191534,158,98,8,12,2,104,3,,38,875,120,,2,8
15,4,13,251650,85,88,5,11,10,51,2,,341,876,,,2,8
15,4,13,231536,259,334,6,11,5,533,0,,342,877,,,2,8
15,4,13,241322,121,152,6,11,6,18,3,,51,878,,,2,8
15,4,13,252113,166,13,5,11,1,20,0,,343,879,,,2,8
15,4,13,239685,256,195,4,11,12,168,0,,121,880,,,2,8
15,4,13,252556,213,13,5,11,7,0,0,,3,3,,,2,8
15,4,13,244270,155,155,4,11,13,51,4,,146,881,,,2,8
15,4,13,243186,92,6,5,11,8,131,8,,162,882,,,2,8
15,4,13,243224,159,155,6,11,3,18,3,,162,883,,,2,8
15,4,13,252071,89,335,5,11,9,24,0,,83,884,,,2,8
15,4,13,251851,160,198,6,11,4,39,0,,53,162,,,2,8
15,4,13,250089,260,233,5,11,11,46,0,,344,885,,,2,8
15,4,13,232858,150,127,7,11,2,11,4,,95,886,,,2,8
15,5,7,222492,136,239,8,11,6,42,4,1,19,887,115,5,2,8
15,5,7,233207,155,155,6,12,3,75,3,2,345,888,119,4,2,8
15,5,7,225291,166,85,7,11,5,25,3,3,67,889,117,3,2,8
15,5,7,225730,136,336,7,12,2,47,3,4,148,890,119,11,2,8
15,5,7,220083,213,13,9,11,7,105,2,20,346,891,113,9,2,8
15,5,7,200322,105,175,9,12,1,1,2,,87,892,122,,2,8
15,5,7,224285,85,193,8,12,4,51,4,,347,893,119,,2,8
15,4,15,226680,121,152,8,11,9,59,2,1,113,894,90,3,3,8
15,4,15,232734,109,6,7,12,7,32,3,2,112,895,93,4,3,8
15,4,15,240430,169,36,6,12,4,47,4,3,162,896,94,4,3,8
15,4,15,51586,89,84,13,10,13,1075,0,4,3,3,83,67,3,8
15,4,15,157209,4,86,9,11,2,37,5,5,3,3,97,23,3,8
15,4,15,117706,258,337,12,10,11,11,0,6,3,3,84,101,3,8
15,4,15,215535,136,338,8,11,14,32,5,7,113,897,79,51,3,8
15,4,15,227466,175,72,7,12,3,25,4,8,107,898,95,10,3,8
15,4,15,242054,261,147,6,12,5,32,3,9,19,643,94,81,3,8
15,4,15,231910,103,148,8,12,6,690,6,10,116,899,93,41,3,8
15,4,15,227746,168,332,7,11,10,46,5,20,96,895,90,34,3,8
15,4,15,226134,257,3,7,11,1,83,4,20,300,799,99,17,3,8
15,4,15,215935,159,163,8,10,12,18,4,20,68,900,84,51,3,8
15,4,15,233911,91,339,7,11,8,40,4,,339,901,91,,3,8
15,4,15,221801,166,243,8,11,15,92,2,,76,902,79,,3,8
15,46,8,250884,85,88,5,11,5,90,5,1,109,903,,4,2,8
15,46,8,252557,91,94,4,11,6,0,0,2,3,3,,3,2,8
15,46,8,241107,160,198,5,11,4,478,9,3,97,904,,81,2,8
15,46,8,250374,166,164,6,11,2,18,5,4,348,905,,3,2,8
15,46,8,252559,105,340,4,10,8,0,0,5,3,3,,6,2,8
15,46,8,252558,24,148,4,10,7,0,0,6,3,3,,34,2,8
15,46,8,241941,147,335,5,11,3,441,6,7,349,906,,41,2,8
15,46,8,250088,115,175,5,12,1,115,1,,109,109,,,2,8
16,4,9,224550,46,44,7,10,3,62,2,1,67,907,,1,3,2
16,4,9,235158,262,341,6,10,8,22,3,2,107,908,,17,3,2
16,4,9,235121,41,36,7,11,1,8,2,3,54,65,,5,3,2
16,4,9,223787,30,341,8,11,2,33,2,4,61,909,,10,3,2
16,4,9,238124,228,12,6,10,7,65,3,5,76,910,,51,3,2
16,4,9,243115,221,9,5,10,9,8,4,,107,911,,,3,2
16,4,9,239991,69,9,6,10,4,8,3,,95,912,,,3,2
16,4,9,218691,232,287,7,10,5,32,3,,304,913,,,3,2
16,4,9,233978,229,9,7,10,6,8,2,,67,914,,,3,2
16,5,19,252566,224,39,5,12,11,0,0,1,3,3,,34,3,2
16,5,19,252564,228,246,5,12,9,0,0,2,3,3,,67,3,2
16,5,19,251878,38,12,6,12,5,7,5,3,275,915,,10,3,2
16,5,19,249743,232,287,6,12,4,81,6,4,68,916,,2,3,2
16,5,19,246456,58,57,7,12,7,95,5,5,232,917,,13,3,2
16,5,19,252209,92,66,5,10,15,15,0,6,3,3,,301,3,2
16,5,19,252567,263,240,5,12,13,0,0,7,3,3,,101,3,2
16,5,19,252438,54,342,5,10,17,0,0,8,3,3,,26,3,2
16,5,19,252568,264,343,5,10,16,0,0,9,3,3,,201,3,2
16,5,19,252565,36,344,5,12,10,0,0,10,3,3,,101,3,2
16,5,19,252563,18,240,6,12,8,0,0,11,3,3,,101,3,2
16,5,19,251605,39,25,7,12,3,14,3,12,49,64,,81,3,2
16,5,19,251766,222,278,5,12,12,31,3,13,273,918,,81,3,2
16,5,19,234130,265,13,8,12,6,83,0,20,75,919,,201,3,2
16,5,19,247477,266,345,6,12,1,29,3,20,96,920,,2,3,2
16,5,19,251929,68,13,6,12,2,16,5,20,350,921,,201,3,2
16,5,19,246215,54,44,5,12,18,194,7,20,273,922,,,3,2
16,5,19,252331,54,346,6,12,19,0,0,20,300,88,,,3,2
16,5,19,252186,32,34,8,10,14,16,0,20,3,3,,,3,2
16,5,19,245782,46,44,5,12,2,77,3,1,236,923,,2,2,2
16,5,19,243299,226,240,5,12,7,33,4,2,88,924,,3,2,2
16,5,19,211938,231,43,7,12,1,14,5,3,179,925,,13,2,2
16,5,19,251453,36,109,7,12,12,65,0,4,53,926,,101,2,2
16,5,19,242934,40,347,7,12,3,29,4,5,91,927,,151,2,2
16,5,19,247463,224,348,5,10,14,16,2,6,96,928,,101,2,2
16,5,19,250644,42,298,5,12,10,90,4,7,93,929,,10,2,2
16,5,19,249512,267,349,5,12,5,31,3,8,289,930,,151,2,2
16,5,19,228767,68,66,8,12,9,21,2,9,54,931,,251,2,2
16,5,19,246449,56,282,6,12,4,0,0,10,64,932,,67,2,2
16,5,19,252569,268,347,5,10,15,0,0,11,3,3,,21,2,2
16,5,19,238912,24,75,6,12,6,532,4,12,351,933,,126,2,2
16,5,19,227122,221,273,6,10,13,7,8,13,241,934,,51,2,2
16,5,19,252547,228,56,7,12,11,0,0,14,3,3,,126,2,2
16,5,19,252333,222,345,5,12,8,0,0,15,112,935,,51,2,2
16,5,19,252178,30,44,5,10,16,16,0,16,3,3,,251,2,2
16,5,19,250761,54,287,5,12,17,524,3,20,167,936,,,2,2
16,5,19,252521,54,350,5,12,18,0,0,20,3,3,,,2,2
16,5,19,252570,54,40,6,10,19,0,0,20,3,3,,,2,2
16,5,19,248977,54,44,5,12,17,145,3,1,162,937,,17,2,2
16,5,19,251898,38,12,5,12,6,16,6,2,88,938,,7,2,2
16,5,19,251227,53,296,5,12,4,43,3,3,94,939,,3,2,2
16,5,19,234177,30,56,6,10,13,29,5,4,88,922,,41,2,2
16,5,19,229747,269,351,7,10,15,62,4,5,157,940,,301,2,2
16,5,19,251693,41,352,5,12,11,25,3,6,75,941,,201,2,2
16,5,19,252574,221,353,5,10,16,0,0,7,3,3,,29,2,2
16,5,19,252009,268,347,6,10,14,29,0,8,53,942,,251,2,2
16,5,19,252339,232,287,6,12,8,888,2,9,239,943,,3,2,2
16,5,19,248163,270,2,6,12,9,143,3,10,88,944,,6,2,2
16,5,19,252573,224,348,5,12,12,0,0,11,3,3,,51,2,2
16,5,19,231299,26,240,5,12,1,89,0,12,178,945,,201,2,2
16,5,19,252006,44,88,5,12,7,29,0,13,95,946,,301,2,2
16,5,19,252571,271,5,5,12,3,0,0,14,3,3,,151,2,2
16,5,19,251016,68,354,5,12,5,31,0,15,352,947,,301,2,2
16,5,19,226665,40,347,5,12,2,353,0,20,197,948,,101,2,2
16,5,19,252572,227,32,5,12,10,0,0,20,3,3,,,2,2
16,5,19,251978,54,349,6,12,18,0,0,20,353,949,,,2,2
16,5,19,251969,54,281,7,12,19,16,0,20,75,950,,,2,2
16,4,16,232730,228,99,8,11,8,43,2,1,53,951,123,6,3,2
16,4,16,229703,41,44,7,11,15,65,5,2,232,952,119,17,3,2
16,4,16,231111,50,98,8,11,12,31,4,3,232,953,121,4,3,2
16,4,16,194214,46,355,8,11,13,60,5,4,202,954,120,8,3,2
16,4,16,240667,56,98,6,11,11,62,2,5,228,955,121,11,3,2
16,4,16,220875,29,40,6,11,4,142,2,6,38,956,130,12,3,2
16,4,16,235706,92,274,7,11,10,44,5,7,107,244,123,11,3,2
16,4,16,227597,40,2,8,12,2,129,3,8,74,957,137,21,3,2
16,4,16,240178,30,40,6,11,3,31,3,9,85,958,131,21,3,2
16,4,16,200129,272,356,10,11,5,80,4,10,51,959,130,41,3,2
16,4,16,212969,52,29,7,10,16,44,4,11,354,960,118,17,3,2
16,4,16,235842,67,35,6,11,9,71,2,12,106,961,123,41,3,2
16,4,16,224170,222,288,7,10,7,63,3,13,88,962,127,12,3,2
16,4,16,250329,273,357,6,11,14,41,3,14,68,963,119,34,3,2
16,4,16,164373,31,55,12,10,6,63,3,15,3,3,127,51,3,2
16,4,16,231889,61,44,8,11,1,60,4,16,303,964,138,29,3,2
16,5,19,248420,92,271,5,11,15,42,6,1,75,965,,51,3,2
16,5,19,251762,262,341,6,11,7,44,4,2,108,966,,10,3,2
16,5,19,251144,46,44,6,12,1,42,2,3,88,967,,2,3,2
16,5,19,235431,232,287,6,12,2,368,3,4,71,968,,4,3,2
16,5,19,235996,274,246,6,11,4,220,5,5,51,969,,201,3,2
16,5,19,250896,52,275,7,11,5,58,6,6,107,970,,10,3,2
16,5,19,252575,40,12,5,11,11,0,0,7,3,3,,251,3,2
16,5,19,252300,270,33,7,11,9,0,0,8,232,971,,101,3,2
16,5,19,248150,275,358,8,11,3,123,4,9,75,162,,17,3,2
16,5,19,251906,60,72,7,11,8,33,7,10,51,972,,251,3,2
16,5,19,252016,228,109,5,11,14,14,8,11,68,973,,301,3,2
16,5,19,251241,222,288,6,11,6,7,4,12,171,974,,26,3,2
16,5,19,240931,39,75,6,11,10,15,5,13,96,975,,81,3,2
16,5,19,252187,36,359,5,11,13,16,9,14,3,3,,301,3,2
16,5,19,252576,51,50,5,11,12,0,0,15,3,3,,251,3,2
16,5,19,252577,31,33,5,11,16,0,0,16,3,3,,41,3,2
16,5,19,232566,54,76,7,11,18,31,0,,355,976,,,3,2
16,5,19,252439,54,12,5,11,19,0,0,,3,3,,,3,2
16,5,19,251968,54,76,5,11,17,31,0,,88,977,,,3,2
16,4,19,226864,40,360,9,12,7,25,5,1,231,700,90,9,3,2
16,4,19,235806,50,29,6,10,15,196,7,2,53,978,80,13,3,2
16,4,19,205172,31,63,10,12,10,73,4,3,49,979,86,26,3,2
16,4,19,249569,81,361,6,11,4,83,3,4,19,980,92,7,3,2
16,4,19,250361,92,274,6,11,2,61,1,5,51,981,94,7,3,2
16,4,19,250692,69,9,6,12,8,21,2,6,54,982,89,13,3,2
16,4,19,235550,37,295,6,11,3,31,4,7,95,983,93,8,3,2
16,4,19,226498,276,63,8,11,13,417,3,8,75,984,84,34,3,2
16,4,19,246955,68,297,4,11,16,42,3,9,284,985,86,19,3,2
16,4,19,232773,70,362,7,11,14,665,2,10,75,986,83,41,3,2
16,4,19,243072,277,363,7,12,9,14,4,11,49,987,86,9,3,2
16,4,19,249128,265,58,7,12,6,77,2,12,88,988,90,51,3,2
16,4,19,243171,67,37,5,11,5,48,4,13,297,989,93,8,3,2
16,4,19,250326,278,110,6,12,1,62,6,14,116,990,95,10,3,2
16,4,19,251356,222,297,5,11,11,31,0,20,61,991,86,34,3,2
16,4,19,224413,54,285,8,11,19,344,5,,68,992,92,,3,2
16,4,19,243309,54,297,5,11,17,62,4,,68,993,93,,3,2
16,4,19,242929,231,43,6,11,12,344,0,,108,994,85,,3,2
16,4,19,250392,54,354,5,12,18,16,4,,107,995,90,,3,2
16,4,15,252444,71,44,4,12,9,0,0,1,3,3,,3,2,2
16,4,15,252199,279,240,4,12,14,16,7,2,3,3,,10,2,2
16,4,15,252441,242,9,4,12,3,0,0,3,3,3,,6,2,2
16,4,15,252580,233,301,4,11,15,0,0,4,3,3,,13,2,2
16,4,15,252448,246,150,4,12,6,0,0,5,3,3,,5,2,2
16,4,15,252442,243,98,4,12,5,0,0,6,3,3,,17,2,2
16,4,15,251951,240,35,4,12,11,32,5,7,259,996,,34,2,2
16,4,15,252445,241,350,4,12,12,0,0,8,3,3,,51,2,2
16,4,15,251950,239,2,4,12,10,32,2,9,340,997,,11,2,2
16,4,15,252443,59,364,4,12,8,0,0,10,3,3,,126,2,2
16,4,15,252578,80,17,4,12,2,0,0,11,3,3,,13,2,2
16,4,15,251947,280,12,4,12,1,32,7,12,100,998,,151,2,2
16,4,15,252446,230,29,4,12,13,0,0,13,3,3,,23,2,2
16,4,15,252197,71,365,4,12,4,16,0,14,3,3,,151,2,2
16,4,15,252579,74,150,4,12,7,0,0,,3,3,,,2,2
